Title,Flair,Current Post Hash,Current Flair Hash,ID
Achievements,Meta,58dc4acc2e40196759d831bc8e1c5617147fa5558f6ac9b228cd12d572dac7b4,fded9d857e9ebecd472ea76fc94a2abcf174b2f70aa4f0cf9266e87b28e1e120,10hz8rl
Acronyms,Redditisms,0210460af788ac93fe208688a8fe38db6462af2357ea0e9e3a45ee1a743c4975,60f8e68a05d2db8405797b07e038374c0affb4b0414e67fed90d765a2a0ac520,10hz8ux
Activity,Meta,193455654fdbfdb86e659ed76034a93ed1cbf2bf685b978467e3919ca48e426c,cb2f2a57e0964c2a5ad949ff31aa4c7a50e44f77fdcac79cf4848059ef2e4d61,10hz8yr
Amazing,Missing flair,6b78919e38b72e23f7bd0ac3f628798ac87052edacffdde309f30ee37f166645,7142a76a4e740105fde48afb05bf08ef847cc099efebd02fea779236edc3e46f,10hz91v
A new entry,Missing flair,8f95effc5bc9d5ced89fac8efc93e0615938b2bd9f29527b652ecae2b02eb29a,9f45e8b616298a51780f32f2e4ca457facf4527b30aa00e5225a266de0716ad5,10hz94k
A completely brand new entry,Missing flair,ea462b35cc24881c459e6b12f102eea01c148e784d98f0ac845c884b90b65df3,1e9353500076339047f0b967d7f3aac1d896ae25c81377f2400d9dada3b3c070,10hz97c
Unit,Missing flair,02a73e2546ab29eae5def835b78affa799b245ab8cd67838c69e607a7fe5363d,106ab7d00774d9050e99136708e0bba7e21734ada33aa9730d5b6e9944a3b81b,10hz9an
Another completely brand new entry,Missing flair,626cd0f08ae3c3b5bf48096c5f4a7860ec666ec88941315627735ade9acaccba,4fe2cce40852d9c0c272f1e00ce11560349469585940a9ade0416899d65516eb,10i1d8p
Please don't break,Missing flair,337a4095ed68bf28ed4a1cb8c6844b5d0ad73f245a509aec3312fca8409e5b01,5c89bc6ffde1cd96049e43a4cff21461666620915db53fc821435bd35a43aa7f,10i21h7
Don't break again this time for real tho,Missing flair,3e07056ea9b938f164f15f7fe7735f14fa0e333994a0affbf0935f782632b9ab,7e30e23aec1371d93034cfd3b3ed4306ab742b369c12121d0434e851594a01ad,10i23v9
This 100% works on the first try,Missing flair,1c1b2bcf3ff1bef69273bde1acaee27e15060f01b06226ad4b7146320ea451eb,8d5f1326175e2fc2240e55b9d46f22b10b6a8e826ee2fb0afd8b4133ab5bdfe5,10i25y2
This #Title uses so many #Hashtags it makes #Elon look #old,Missing flair,ca7a976ec7c4752e938601988376f932b546690a8173876ff9b443932ce88a33,62b1f5be1cd2a4cb43d4818f7b67efb071cd736abb640e8f962801649d829403,10igc6d
"Now, this, looks, like, a, job, for, me",Missing flair,11f0bfa4ab9de2bd91b9846ab290eab76aeeba3439551b5dd741483b3f7693ee,e747e40d5eea3a86b5a67a6c96ce5e2f384a50586a4d5a6b7f7b704e4ce42fc4,10igtjs
Courtney? Courtney Miller? What?,Missing flair,01a69cf58b8782506b03a816b5ac638e8c45a95f95948b5c4fdaee63cb019072,c254fbeff06f1f0a6b78ecc407a80b9cac648b6154184b2851427083da8757a4,10igzzl
I... uhhh ....... have... idk,Missing flair,23afa0480844dbea6724cbbe182698ec6dd73c7c8a7db6c48f77c9c50d884682,55cb4fe128fbcc291aeb28c4cacd0c61c534fec8cd0f683674b164f38878fe86,10ih1sv
/etc/dev/urandom is a cool location,Missing flair,ff84f23b29000b4dea488d5fe30921c05aef5c7e1770c73abc772a449aa54285,fcfc107c212cd86a10ff1c12a9afd1769bece899fa29bf4ff943c61df4007a14,10ih38b
"""Uhm acshually"" reddit idiom",Missing flair,222c0e466e5166cfdb136aa941376d067ffc28e4e1b073efc65b7d7eda9d9c9d,e63b7be052ce07a4ef61b75ac207d0abd959eb215430bae48dba951407db7298,10ihll2
Single 'Quotation' marks,Missing flair,4d17cf5051aa208648be2771aa800e008cb74aac8cd64aa1e0f49adc8c037ee0,cf6e5ad127b79d87d1f37d7f62a3d20fc988b40ca844e874d85a14798c085b30,10ihna4
Normal text entry for checks,Missing flair,42a683d8a3fa8c4ffea7f9dc6309d658f156dfd14c63630d924d65cd0c9e16b0,59c765cfbf7a2f7543e101ad5a3c4784dcc61e52d230423c82a8441a468578df,10iip06
My 'lady,Missing flair,acbfb1ac751664eacddcfa91597e5e034faf407c3f364f6bbb87a0feef8c62e1,ffe1d62d26a7f035596df73524f42f1e1b4f40b1c4eae41810a968d171589ed3,10iiqzu
It's (round bracket) timeee,Missing flair,676fac99121fb78efcc2a2cb5ee0bbc3255ec8496c36cb67857c4130c93c804c,83dea4cd45b6c855514909b4ee9363aa5db0202455be2bdb41ec4d0a7efbe949,10iisnl
Ah yes a colon: How original,Missing flair,aaa977bae571e6ca1cc43d27800e3491038267975b80efc28eb1ed28ea1c1ece,26a646fcfd9c2cc383ffcb959227bbd297c9eb752d2690eb7ff081795f6df969,10iisro
Oh this is a semi-colon; Fancy colon,Missing flair,8f6621a50a814dec1e05f937c19427b9cddaaa591f492807c6742de750d901cc,662f1511b0b741b3081aad618b2302ef7563be69738796d6e85c325a55183d4d,10iisuj
*Italics* post,Missing flair,522857bbec771c652973e981c3a909c9763eeb100a4b08cc1521b4ec58845a37,11dce32dbf94f13606ff0aad86b7f5b31c4308433a13792753850385bb2788c7,10iit1o
Aardvarks,Missing flair,d3cda7ad472b6abbc2f8511d1ff2f67bb049b6ea4a276ec6700cb8b7ad51bfe3,5349aac72cae713688338b9aee7e1741e48fa5136020455e6c66635b0826e89f,10ilpk4
About,Meta,14a6d78d358ab38d03fe2376d6979ba8ae94ddb6484f15214b0cd2bd346562e5,5d559d8cfa3bdcc58bc4c2f135f278ae4b468c3d55fbc658f9a4f97ca25b08f9,10ilpn7
Absolute Unit,Animals,f7d0abcf06463ea40c7086ce763ccc84371920c5713ea2932a93e3237ecded60,ae13974307f7cf2e16105ca05137ac39b1c8341d5c29a2ff69a86fec23103942,10ilpqe
Accidental Alt,Meta,ccb80b58e0d3266d6023c967d0f8b1f83e12bb0cdc1fbbe4e295b29b2df042dd,5e7d69e93ae37f363d3fa23fac791039a4d6b1b122b0fc73b9094fa850572af5,10ilpt2
accidentalswastika,Missing flair,3d6aaac2d3cb708fe326a567e5aebdf535f5b98e3dbd923be04b2a5288e43fc2,a743fed6f8e5e0b092c67fa89f7378b669db47a5e67659338c2e93aa88fced88,10ilpwa
Account Hacked?,Missing flair,fe1fa813c3bb433c4f7354ad1a3426c16c34a8ec6c739c1e24f1e505583e3381,f68ee274c690f64d7ab04bdfbd17ab52e50e52073e4abd2421646ea29bb87822,10ilpzm
"I agree, chocolate is yummy!",Missing flair,54d626e08c1c802b305dad30b7e54a82f102390cc92c7d4db112048935236e9c,5349aac72cae713688338b9aee7e1741e48fa5136020455e6c66635b0826e89f,10njz8k
I like bananas,Meta,fe8a05e43ad23eba439ebfe377e9a7b0f1b639c1d7412d2e41611493817dc2f9,5349aac72cae713688338b9aee7e1741e48fa5136020455e6c66635b0826e89f,10nk9b6
This is @ me,Missing flair,d8f8a4564f02f400574f5bb915c7f173021b264cb933f0e1bc770ccc318f0a7e,5349aac72cae713688338b9aee7e1741e48fa5136020455e6c66635b0826e89f,10sjl46
Piping | Cool stuff,Missing flair,dc28c7fef16b09af2bb0bb5e47cfc6350e1e186ef871f685ed5f1322e8a1093e,1473aedeec5ae220784b56c3ce7982fb85e9eac32eb903b73222266a28eeebbc,10sjl4s
How about a \,Missing flair,b30d4f5f13f5c6bfd681f585030a7630d1157b8d1a3a49748398ac94c99044cd,57dd332166cb05a8cd17c9e0786d2621e8de43e2bb560cbf312fbe2c21f08eed,10sjl5b
50% Sale,Missing flair,bbff6a018bbd9ffda1c853cbcb4d885c75c602193797e8e1ba217b523e4286e1,ea538ed5694f464cf05710342d2cc745ae8f4d860a9a87ee0a34a162368374c0,10sjl5m
100! Factorial,Missing flair,3256b4d6d1e9db1c1b33ab57c8450995ea87ddd6d20b4902f746cbe8d94357a2,fcfc107c212cd86a10ff1c12a9afd1769bece899fa29bf4ff943c61df4007a14,10sjl6g
Dollars $,Missing flair,f9171164593756e56fb197327b529a4955590566560dbe62d586bff41be9d297,ab82565dcb665c95290cdb0e4267b41cdfe9994eb9b9a6cdb3ce8b856324ccc6,10sjl73
This ^ so much this,Missing flair,a4ad237799e5a4887ab9c9873b8eecddf04748d84bcbb3a9c75a498c536b1b59,94defe019d421b3491a1ad98da090e133ddcf501004dccfbe82822b61db13ebd,10sjl7f
Ampersands are & cool,Missing flair,7be173516481921a4b10a0eb517f24a0d8d616a7c52e32083e16c7db1e8d82d4,f0b8f47b27009e725758065255d0cf1b46cefc1f2c7f78efe4dbb79b91146e21,10sjl81
1+2=3 Math,Missing flair,01b4021cebbac0e289edbf2cce44586569c38c8b2e9c5d58f2699dbac3246a36,7e02b80fa051a8da77d6cdd21868b9dfc7e36523619754540f519ad3432962ab,10sjl8y
1<x<2>1,Missing flair,11fb034ae20d015bf6f9b7bd4b8693e7d0852fbc5cb724ffa085afbda489d42f,179f40d3064358b30ff45e89d1ceb3cbd78967a4dba56f0864321d84726060e3,10sjl9i
[Square brackets],Missing flair,e61a58487e1e78e5103c8b6c56d6aaa2c76b8fb1037ac06328527eac2ca66b8e,89e76c0ac5d6021bfa4f0d6b5892b11994f4fe9ba47f9ff2c759bc3b2541f80e,10sjla7
{curly brackets},Missing flair,85a39ab345d672ff8ca9b9c6876f3adcacf45ee7c1e2dbd2408fd338bd55e07e,992fdef76914fc1b28c258fa37851c10581037034b6bc912feeb0be830ad7e07,10sjlav
This is a ` entry,Missing flair,917ebd521e4c2a73e4153e1ed8e1638cc932ac549c3defe643b500d5384f45fb,3d6dd40cf51eba668462e51384d1ff88c0ce1345a332d4e4b0b546c01ab94fc6,10sjlbn
Wavy one ~,Missing flair,6274af3cecab7e35fa0854cabc3f1259163bc702458a79b2d791c6d90cca16f8,538a6c67d57bef2fa54fe4cc3fa0f6a04f7403ea95dc1c003e04f6462a16c876,10sjlca
Cup of tea?,British stuff,b0293ceb18b1692575007299fdf5027f4dcb014e255e9513f156b4e3163080ed,81c068a22d425b70ced4e65583b977b34aa6c8837a241bf5a1fb9b555dcccb53,10nh4vt
coffee stinks,Missing flair,fd3955740a482ef3035ebaa1ef8f855cec1de96b5afbdee8cf6805cf02bd0cee,126b1cec2d2d322b64410e438db73516aa60d7efb972fc748952963cd6099477,10njyhd
Another entry,Missing flair,21567a1255d212bed12a097b76e6628a254788422227646cc802ba58f6176747,a8b3fe0a89c0caae9fde7699b64dd029d7e851927487dce0fc53d25ba75bee76,10njyk4
testing 1 2 3,bananas,5561a23b7d2d5a7c9f30523492fbdc4659191f713b8ce89830d23c24ece98ffb,fe069dfdf62469fad67e1b1d0c20651ac6d4cf9d2f0940eea1e0dfe29ad94940,10njynm
The maker,Yoda,6f36c8511852ce6d38d508b3adf406f99d3be87497611a036e3102c697c1eef7,59e7c49ca9988525ea2ed9dd04c4d50ef0e8dc515a153398274c852469e99b3d,10s4uq9
Just testing,Roflrofl,c3d04688e309c15d93924d0a342691603f55b3e8c13ff9cc61768890fe8b43b4,c60c5583c167bc3196133ba1054b57250b459a052aba34b3d5834befa85a7b57,10s54n7
