Title,Flair,Current Post Hash,Current Flair Hash,ID, Current Flair Hash
"F or ""F"" In The Comments",Culture and Etiquette,99a5f9d40a8f807a49a0d146b5d5dae78f98512a3d538cd5d323928afbc641cb,8fbf820d8d0d8785d2ab63de89dab24c7c5e4e39e14eb150e32326800fcdfbc6,110msat,
Fake Subreddits,Interesting and Miscellaneous,0233b59f17a01250207ab597cc7290a38aff5ae6ffc60624868afbaa68e7b6b4,e861603239035e92018236e72525dbd8979c95bdb5e485797bf02d20c94ba250,110msc5,
“Fake-Out” Subreddits,Interesting and Miscellaneous,029b6dd1bc7efca1220c59eac3501647ed9678c3fd0f6cc6edf2321111748dda,1dcc63b8094ad0d1bd9d479a1aa31c0728eed8c234b6f6ac649101cdea123560,110mseh,
False Equivalence,Interesting and Miscellaneous,cdf8b863af1ed2482f96fbe415b6d5981a926b8ba2ea028dd7dc78d9978ea144,34858433682c3e247c5e166f634db68bc97a943c4dd6c3050e16295d32dae679,110msfz,
Famous Redditors,Lore and History,3c926afb697dd1f087b255b0d9045aec34338fc01dfc84b79cd805a62ad63b7f,78caac99359d43b4a247fe37730a71ede76e60cdf5c2afae98555041baef843c,110msia,
Feeds,Features of Reddit,dc8553c00d15281f3220234e6249202cbe0331d3c4e26a896d76b9d74fa7cabc,d6c75db2cbd2854030b8e769c0e235c319f774dd4808a8d07ac49c2df6513a67,110mskj,
Filters,General Guides,a01e88413e06bf5456e37343ed46d248d4f42832351182b8224c8ebad60ee086,d6319bf8846c860b716793a94df5e872e1c5bade8a59fe83d7809b067c6f49ee,110msm7,
Financial Help on Reddit,Features of Reddit,604b8ca3c2a9747e58d22020272c02503f0c45f97d241612cfb02887bbb63a5e,8968391921e83f10922b4ee1132f5c3d8d1a4f70f931ac7b0c521e2a9839341a,110msod,
Flair,General Guides,caf454b55b0e7a2fe29b66998e5d93f16b889b605f867c6889ed82c500cd5acc,a3920caab0616cbe689cee2cb069ff7f0a3dbdba7df34dde50ce52621972d15a,110msqg,
Following,Culture and Etiquette,bcd01b47cb6f434848d11094333463b542df6efbf6513e11185727cb7d9705a4,6642c6bb33dba69e6e82d02d17fac06768ea3668423c2a73e44bea0e8fa973c9,110mss9,
FOMO,Acronyms and Initials,42918dfa2ed8407ae9f55bb7466e05a67deab489c682b1bbf8c3d2f67be48f97,166fdc1f85d33467f1f78e2db4e57468be1485e32f3d00bbf8da2704c402b281,110msu7,
foundthemobileuser,Interesting and Miscellaneous,dd9da7d0241970896ce69adacd14b97fda42a9b20348b9f8d67f06fc99b0e11f,9577d02aced0f3232e1aa94ccfa24a16ba70fb56bae80fbe15ce4f2d5522fc03,110msvu,
Free Awards,Interesting and Miscellaneous,739f5861a932f5c5dcc9cb363a607687e800f54893716c0fcf88c1d5863c67c3,f7526656f0c47a23e7d2284f8702013a9a764eaab70767d16acb371e54dcbbf7,110msyb,
Free Reddit Premium or Coins,Features of Reddit,0b2561910fd4c5bd33049f80993f4f5812fe31a273874ada033bb8fa32c40668,2ebca38ecf46fdf1b7ac24ce6727e5af6f19607dfc11f7b65927c03014fb89c7,110mt14,
“Front Page of the Internet”,Interesting and Miscellaneous,ec110f6d2fae530ca464c44c3fb35324119afb8b93b11c127af429ee20dc5e59,ccf215ee2432145651aedb9cd0f06786087b757e49284fbf077276e4c0689d73,110mt3h,
FTFY,Acronyms and Initials,20b49fa07b7ed9c830305c85516ff92a3262ffa7258874861ef27657f7420d9a,eb337eaf207c7f6384e84d6888eef862e2a4492b60e769460954011ed85a61b3,110mt5p,
FWIW,Acronyms and Initials,b9fb87005bf7fd3dcb5a47af6e3cc8bc6f8aca5afc604482603112c200e75cf2,0db069af22002ec59a98e5a8ba5d6d2996326adab05acc394205a1ab1d2a91d3,110mt6y,
Gaslighting,Interesting and Miscellaneous,193f9663542835e7a92dd9ba7a92579f007b80d3b6a19b7f61ef84aa575ee4b8,cc1aa960ed9a74e8c2955ffeded3e9ba418a0748eea5eedf55e94a91bb03ceaa,110mt94,
Ghosting,Interesting and Miscellaneous,2c653bdd9c2bd116a4fbaba814101d4f3a8da5228c12dca1f81e516f8363a2e0,4b10b41aa951f6f531fad07f22634ffb8b8c16c9475b63ef2d857961d0b4aaad,110mtal,
Gilding Level Trophies,Features of Reddit,450d42fdcc61fb46be674668cd32707955c906d98ef62aa629f4d272faf72406,a4f9cf45842e183fa3ace5a7183f66b02238c5be7cf958384f20abca053619c6,110mtck,
“Gilt Guilt”,Jargon and Slang,cbdf25a066ccde954beca4d55a8587fefa7de82e75712ec07aa86afa62ed0973,890b63dbbb070723421819b9984c853ecf812cbfbe4086844c2648837aff4778,110mtep,
Godwin’s Law,Lore and History,e99b79f5a90e6c6be7e412aecc39e9e7c4b1215dd270cea9165e7e0526adeffa,36d9e3027582e71d4ddabd9f2bf6509aa478a8d4817fc176842de409f2143067,110mtgh,
Gold; Gilding; Guilding,Jargon and Slang,f14a0b1a0af308b686ed239e751f499a1b67cf2dfd00d5b4b54e94f80699f6c1,31465ece73348a9fd6a73bc0465107eaa755fb1f6da71bfaac884b176e364903,110mtio,
GPT Bots,Interesting and Miscellaneous,88b945fb3fccda101361047154bb09f8d84ec9612785598f8de153a734d50248,e79419d9238cb717a395fa3b895bb714c3a91c209f0dea9f7c3a4435bd84aab8,110mtkq,
Grammar,Interesting and Miscellaneous,583d69a14760641a3aaddad6a0fc29a0ec24e02ea7372884dae3fb471cd87de3,1c8439632e3e581997691a812052bdba104c19380265ed4c2553be50fba8f691,110mtmi,
“Grammar Nazi”,Interesting and Miscellaneous,a603f2752aad7c83caf1f1e1ebc2d7f96b245e9cd97830b84b5d72799ec02925,56dafcc66f6a5b41fa095f579d7550d5424cc86ae9fe8b5a611c9e22a16e9916,110mtop,
Grammar Traps,Interesting and Miscellaneous,8ded3fa4279902790bfc64eb0af3a422053c3993ce83b036c04ff3549de0ad2e,0d2501f1c7ffd5b93bff8fa11c5a858de55aa6e5acf1e5bc895873306185d7f3,110mtqd,
Grice's Razor,Interesting and Miscellaneous,b4aa21aaeca31d015288565f91a6cb1e5da1f204243fd5459dbf51f9153f938d,d6c2cba958ced97ffc39fdffc05b234995621f128274e79120ff1584a19cdb09,110mtsb,
GTAGE,Acronyms and Initials,abce0ac2d2196ca018bc276da93f5292ac3c6331974e40d643a272694c084a54,c862092ccde084b821f9873c8f4efe5c9777d91fa97ed9b50774c6ee2487d6d0,110mtu6,
GTBAE,Acronyms and Initials,8f3b8452762eda981852ffa3c09a1b7fee6555098ce07223e94fc90ea0b2eaef,40e0aa96e11c33f9c1fbb75201314d5670b201c2188a7fcac674af6882691c92,110mtw6,
Hacked Accounts,Interesting and Miscellaneous,e139d045c06afffeda4e9e57cc045574ec41bb6a3d8d1c8c5241f40fa05b057f,2d42bf5e6d407f4f6f29c6b5210d3f4b0675456047d5887daec519ca882458cc,110mty3,
Halloween,Interesting and Miscellaneous,a5c43d6eadce418cf7cb3d0b229e7922b3e276552f60719e268b42a4bf8719d4,d98de023f2b0db53e11a36c6f0eb873b01458e325c926f9412416d78af694467,110mtzn,
Hamburger Menu,Interesting and Miscellaneous,d03353f650acfb0c04b5bd5d9eeebdaf04380f776d16ac27396ed610e4202a66,7058a55360de3f5489a2b95eda0524a08e214190800de512da54b81b464e940a,110mu1k,
Hanlon’s Razor,Interesting and Miscellaneous,3b733225d95b16d78e4bc0e7ade18bc100deab36a650bedeb52951c7ea1144f1,1ac7370cced2fca78b6922b8a75c88815dd764ed85e68d0911e47b7cded3311f,110mu3l,
Helpers on NewToReddit,Interesting and Miscellaneous,4e7b3a5786516ee18303d4cbbe284301437d91b43530020ae2fb6b0f26732cee,4db50976d9362db00317b80614e92f4ee28ffbcd3a15a36bd5951151c073e671,110mu5q,
Hidden Posts,General Guides,119f2dca5c59b9a95f9f65744e23f2eb3a2ca11115610a0a0754ff49e48e22d9,728ec1ba4eb677189bdae8be023e0f66c923bf3d64d58ec291bc589de9cadbc2,110mu7v,
Hiding or Blocking a Subreddit in r/all,General Guides,7e7ba5b082db78aa19b2814144fc1aa1704a5a110eee529f79ba0c5ff492b696,6fe74ba23f52ad324535e778de0a84ea47da973b4af29f807f8fd3b60c4b6f65,110mu9h,
History,General Guides,bce9977068da46d0e77e756364c7eb28768a1b73ec6df23d674801315b61c1b8,a01a9feb67bb989dce1139317af2f9aaf5a242599ed9d41cd21675de139a74ef,110mubq,
Hitchens’ Razor,Interesting and Miscellaneous,4a73cb3f47c91970de35ca712333d05f895cf1e8f19f0c833ef46b34b4354e10,894ace2719408155233f135ddcf4bcda9c0cd3f3ddf2883e39c99ba74e650328,110mudu,
Hivemind,Interesting and Miscellaneous,384c04236db85c36a1119c40b66f1642d62e6d91f002e689d6e49b174dcbf3bb,9567cbbb4493b60d1de5dff87cb805606fa5e6e942fa63d8bbca86ac52928351,110mufs,
Home Feed,General Guides,590e5976f22b26705407456e1c8ba9324e5a6f5addcb264d3fbd745038885e07,e00088f6ad94b6e18dcb65aacdfbf4df2f3e2a241c6be5cd1c6238e271dd7e1a,110muic,
Hume's Razor,Interesting and Miscellaneous,020860850f293432328e71bb270c8c7ad4724d6ecd545af2f19e3639440cb215,a56fc2e47cd14f02b4f2f8276fc4fa5c7b1337d8e996e2d00b98e20278ff798e,110muk2,
“I also choose that guy's dead wife”,Lore and History,4961f40c1d347df514815db37203416f0bcda29d8441e9055aa628e34f669904,be69bec603e831061157b93d6a3c0b3576881b4cd2681dbf877f6d31af0eff75,110mulw,
IAmA,Acronyms and Initials,f520cd47c7b3f4fb3ef5b9961c4fe11293aaaa1ea4d9b41b6dded4cd12ca0f62,0926ae077b6ee7dc9bc42e2fd31060879804cec43ed281110c7d360169719a00,110muo2,
IANAD,Acronyms and Initials,2498e9f07b6d87694ee2ffd52d722ff199fff5e814706cd35055e6c485742e8f,64b5764eda30bad20791833bdef13eedbb5a61520af852b579f1d6038ff3d6e0,110muqj,
IANAL,Acronyms and Initials,7af5ca31a2d15d572442c9102f1527a89e925beca884003cbafe81422881c71a,a8e8f6ca317c7d9690e9b81d427e9d69df9b6df5104ccd9b8fc2eef2f1045174,110mus8,
ICYMI,Acronyms and Initials,5ffe9968a880925e5fda16683873538892b311292317220887618bda5ffdeabb,362ce1ed57f6046407e41311f255b9a1c72accf75f14e99860451aefa8687bda,110muu9,
IDC,Acronyms and Initials,db4a4389ce24125618f06851cc5c4cecb1e36b97e591c8eaffd69e417829d126,02d6ba4b5e3e65476f4a41fcb7890d5b599044bfe16a0d957529c39a78aa38db,110muwf,
IDEK,Acronyms and Initials,8de422e48af3f4c797f014265f799074df372259840122b96c0765f827fa11cf,72213b0978c5222162ee05665b600354750d13c25e5d9627b9324616e7c5d9a9,110muxs,
Identity,Culture and Etiquette,2d1f604a652170f1825d555afe1a774ddb6443069dc24a9ab6b32b70724c985d,172639875c7f95ee2decab5b949ccc53b310fea19d31f51375dc84b37f73e23b,110muzl,
IDK,Acronyms and Initials,5c2f0118a3576349ebaadb767049840d883cff414ff96eccb37e085d10a68b23,e6166db419b24c2a36f1eb143407cd727be3be1c0d7666d5c1e1a25a4b781334,110mv2b,
"“If you want this t-shirt, say yes in the Comments”",Interesting and Miscellaneous,057a2e54dfa02e0291f10a55071c83dd8742398d5b423e4d834b9a633d9df34c,6b757688138eb6f34cec76dd24548d7c39ee51e8fd4e38ff6b2a293a0a464ee5,110mv48,
ihadastroke,Jargon and Slang,6ae70cfab3a3f75385c5648feab22688a7bac3871341c40ed69c144032d9094b,1ad3eef4288cd7d431a8fb5c8e189c35e03e52e15d843320023012283bf21bac,110mv6z,
IIRC,Acronyms and Initials,5d543a476d745b7656acabd5adae2c2c5a5b6a3fbfc1ca86e44abead9e1b520d,3dc35e2902d31baf599c56c8536cc9d8b4a6f80ef40e3d2bc1833bbbd798ef30,110mv92,
Images,General Guides,48031679c9e811626f6127a1228248558dd6b570583d385090cf2d19f77324d2,3be69066736eb07712b0a670702ed5e77ecb51230e83678ad0abd543353fa6f6,110mvas,
Imgur,General Guides,fcc9b3c7215d0e9ec9f7e255ddd6eff8cb03b419685e95ea97a96def881fe804,ec47767916e2a987728d1a394a84bdd018c5ea31b9cbc20a4512c3ed58d84fe0,110mvcl,
"IMO, IMHO, IME",Acronyms and Initials,39e09d67eaae0288cdec74a3e2a30233c5d47735de1fe58c4a5f5569c55cf394,d823ab2d7c65438c8d8cfd1a28718ce3a5c8f2603c1fb87740cb5aeeda43db70,110mveq,
Inbox,General Guides,373ccd7a98038356c4e78bf053bf9a2a4475c782d4f42d781dc3862361856def,819882aa28264f5e5242a2bc29e4c90c2d9cd9f2f2e9942668910ab3e8cab7b5,110mvgp,
IncreasinglyVerbose,Lore and History,0739ef9de285f3e041bcd06b1a381d7cea81c5ada2d9f284be3101f0d499ea23,f9b6e8a48b5206a611ee17c5edce31dbeb3433c0f92da543c220a3badf72a4fb,110mviv,
INFO,Acronyms and Initials,8d9a02de3193dac1417f86f7607572939d7f287462fd78ec7be03101093a75e3,04c97751b6c7801b39ba1a1487d63f16b0bc08005775e3318ab093c992e6de2f,110mvl6,
Insights,Features of Reddit,73bd493fd063a94b7a145126bac50aed1da581d722a2c957ae505accc2355145,7a97aeb1a96e9fe3c9d191305a4410a78868ff0ec88514488ade6ac4aeb28743,110mvmy,
Internet Adages,Interesting and Miscellaneous,b3b9f380fa8770bc092188bafd13f1962a56c444f6888951b5f957d38ad6aa14,87d8203ce7a1e6656e1dfef686cb0e3f5aff77475dfc46421c62238a193cd094,110mvoi,
“Interesting” Subreddits,Memes and Trends,eeae9203a62c6a699d128cc24e837e5b2f2d49528c601b8249fc3eeb7a72422c,9752569908e5e9d90f372de67a9b6675258223e69584569828e42826fc824462,110mvqo,
Invisible Comments,Interesting and Miscellaneous,347e2110af3838c81e29b25fb2ae1329ad6ef73838d447cfa2d1eb5ddf913979,60a249058644f96fcab85d0f135577f56686c2cbc1d990e16b0bf9e803f49dbc,110mvt2,
"""I regret that I have but one upvote to give.""",Memes and Trends,9407aa3923c53f2f766e39a3202ae935aa0bc6df0948e4e80fd32b545d861cae,a5adfab5e76616300a37bcd25ace981979945f1de3494d261b184470d9c818f0,110mvv5,
IRL,Acronyms and Initials,c9e7a52130eea4ff9096c4a2233838fc026b6db87b377e1394ebcf47113fa43e,68204ea6592808c8d3c67b7209c7def9303f6fd0b95630e4fc0bcd0fa31679a0,110mvx6,
IRTR,Acronyms and Initials,eb870dfa710b85981328982723ae89dadf3aa264f77f92d63e259d02edf52697,77e969fe2c3b662740a30749f4cd1f5be3c5b4fc40b83591c93dffba43321a07,110mvz5,
“Is there really a subreddit for everything?”,Interesting and Miscellaneous,918d6f50aaded804a091fe6efb56ce202529b8970cc8cf263edc41b3de2ed82e,66dd81a6be7e2bae2e3daf7f84a81abadafc9cc95ac706c72b0543069a886a71,110mw14,
ITAP,Acronyms and Initials,d07918da64bc7a990032ab5993b77a3c79e94c5ac70ebd26e00cfa231b7435d4,1c5c091b9a6d54ecf9880b7e68e6b1417fa38426155a8bb17d504c4100fc6f31,110mw3b,
“Jannies”,Interesting and Miscellaneous,a31f2538d6b6999c55bb2e05f56a06987afb4c5b25e6b2f557c7b74a61b891ad,3b4f09b4d5803715a164c861b9c02b916b671bc96bc18fb5562c751c837fb108,110mw5q,
Jargon,Culture and Etiquette,4c0c7adf154741921b7b57802e793fdcc449d6c5b4bffbe699baaeed33a90dac,e87883366626d1ea7adfe1273ce62ab23b322f49e4bcef0a53d4f4068db9e424,110mw7m,
Join,Essentials for Newbies,66a3569d22c8b430f06e24cbb4ccfa8dc5eab17a30f6973d4757e58037615130,e44f1b172305ad92e33402d743f4d5a3d14fb0213608504029b4743a53b19988,110mw9x,
JustUnsubbed,Jargon and Slang,7ecb0226818b9ce318f23038f065de5a21279124bc6e99f48bf306c744bf6865,d4bba09f47b3b2475d6e4f28858b8d86d1e603b3c0036c198ecaae478a1a7043,110mwc7,
Karma,Essentials for Newbies,e34d75bb7e647c3b2e08cc476bf405fb623d24aa1c233a23a93ae042aa9da2c6,b8a1c8d24014c37bd3d0e911b00ed6550d216121e5ddfba66cc0a189e483614a,110mwe9,
Karma Farming,Essentials for Newbies,581aae5f58673f3cb968a93092e1dbaac8993b0bd87de7dd527b7676b037cb61,eefc758b24bcf7aed0511f0a4cc23e3753552d3f481b681bf1df9387a7ca8cc9,110mwgs,
Karma Farms,Essentials for Newbies,b15f3f2ded5114e887adf22dcd035e97c5716ad1a4f37742066384449ba80b68,5069c40b4942f0e9fbb224be1ff0d873dcd0b2c7879dd402d82a79d2044a3ec1,110mwiv,
kys,Jargon and Slang,f44d435d0c069f1c7ab8511cda3ef06651da91cf159baebb7c47e3c734c6d270,b5cd140d8f3ef94a242f69f98ffaea7a741abcb0cb11fd00a7ef8cafc2dc162a,110mwl9,
LARP; LARPer,Acronyms and Initials,ecbe472553a2f864b83d1bf3b4291e672b23cda7e19a3bb0501be641a84af112,398819fff0c3827ffec01c8a3642cb7d99b18f55af0087e019273637b257b662,110mwn6,
LDR,Acronyms and Initials,95aa14909753d0f267de73eae454a7fba7e2748dc22ddc0a063f8020fd7d2ee8,2a96bd12f7962022c0bffa26b831a80f6eee2ec6fc56626cfef8ade30dafd62d,110mwpc,
LearnToReddit,Essentials for Newbies,00f16b090cdbf8bc8982c2b79095af4dd91645ec6f0a80dcf8f67016b1decc16,127abc1920fec3d1c22514a85407a6b73a92a8224ed73b639d07313c26628dca,110mwrh,
“Learning” Subreddits,Interesting and Miscellaneous,aaa8b8341178d96f190601bee7ca82e9a5b0597e18a7b18e74afd05a38886295,65e2cee027656b2044e3ffd7becc586e1f3f5dd362eb6b14ac9f32989faad727,110mwu0,
Legal Advice on Reddit,Interesting and Miscellaneous,06ecf2203ea7505b7488aaf2f5997960609939f734d3c3b4e91f84581ced844b,73c6f66e779ce75051941b6de7763f3a5cf441f0648266c4a00b0ad6e5fb1a48,110mwvx,
LeopardsAteMyFace,Interesting and Miscellaneous,fb14e685648dff756046c8e0e1209b574cd4808267cdc6a1ef6900ba0dc5d390,c5be518747863008670def52b4d8b03eaeadd71319f751b7556877a9c00ed760,110mwy8,
LimbRetrieval-Bot,Interesting and Miscellaneous,7ccd2e06caf4ca54ddc5af5f45d7e23063291f29ec660cc1f8253b3bddc89742,a38e3e14ddbd31d1b81e758fe0a6a3477899b7faa26fc378bd3a4bc234cefd07,110mwzq,
Linking,Essentials for Newbies,c7f86047e5e1be7c9b7c7f8d74dab52ad69d54fff35c7dd0c6171539302f2f3e,9f3aefd1617aba41c2c8da70911e925d6f528f43e9accf87750775cfde8719be,110mx1u,
Llama’s Law,Lore and History,80e610824c13f138ada7d4b15bd4998a76a1ccb3b869c92a54e36b526bcfff06,fe378906d8f355a80c5f4780a993e850b499121ba19ecd121d7194304b2b255b,110mx42,
LPT,Acronyms and Initials,eeada5c98bf979405792bdb4c8b1f5e9e2d7e846ca51b327d7a9305eeedde947,ed4336b3ab6bb3d0f5269eb4ef76591dea0eb8fd0d6b97e83caf522f99aad81b,110mx58,
Location Reddits,Interesting and Miscellaneous,0ee0b9c73bbe0106b27451bfc35af61abcd5b09fe3ea97afecff4c7d78821061,1df01851487be11628ac84598845a4ea668e66600ca5a77c92504ed0b6030c9a,110mx7m,
Locked; Padlocked,Essentials for Newbies,f0acf4e560e2576fe54ababe531cea597c23c4bdc9b793679ef468c0674dabbb,c42d3cda2cf3d3c4212470bca6b983de301a71f72e746e173a8391d26394107d,110mx97,
Logical Fallacies,Interesting and Miscellaneous,085aa386b7836f9741311e1647689ce33e6aa131df99baa991a38962f560d252,140b054fcede987e68bab0aa34b2fdcfb9ddf4e5830d9fbd63d117f6ee1e6738,110mxb5,
"""Looks like you've been doing that a lot.”",Essentials for Newbies,17c76936898ece30482dc268d556e6322acbbacc3c74f8f827a8fce0f4db951e,1ef19f8492b879652c1c6e8486e9f3e0b4d7ad2ea502acca5ce48ba96357603a,110mxcu,
Lost for Words,Interesting and Miscellaneous,d7e1b89966fef5ad6da64ecf4dbcedb6ef0a048415637b2d523497fcda14bafd,3011830088a60e766ab982af4ea7f4d466e17b395b7d4e179e1b4a0bb517f22d,110mxfa,
“Lost in New”,Interesting and Miscellaneous,c6766d842c0fbaf7c6ff2d86dcfe036e87610ae396cf5a6d329a059c961e7387,9b01f22b4f527633ded8c055dc4d21503ded9c6eee6f9c3222dd2e26278fbd7b,110mxh6,
Lostredditors,Interesting and Miscellaneous,117cf4788f2b33fdd30c94bc682d491c5272e03099638e609ef1a0f0f194bdf2,6939247905963aa2dc7a3c202a42c563c0a593c560f19a62c00f21aa66676832,110mxju,
/s,General Guides,b01688c486c8c5b1125eba993d03ee8da9283bcd261b8931cf2f6fd8722ff2be,3e531d11e573b33497d72aae41c81fe2c04e6467618e7cfb16a93734db61d525,110n9vs,
Sadfishing,Jargon and Slang,b8094dba2793c796b8b900617f7abec32d47b8208d493e04b686fbb7c5c6619a,302b61323f9b0e1c110f2339b2de8cd16b2e046e4c239617330a4b98ed5e9bd5,110n9xs,
Sagan Standard,Interesting and Miscellaneous,7acd55aebfa49ac955e4061d60b1523cfac3fd123ac96203ec412a36e5f14a8a,5330963f9ef09b920cb9a54cb1c0694a1e9f5de38df0bbeff4e8d9d63e6472c7,110n9zk,
”Sauce?”,Jargon and Slang,1d5d8e931ba2f28aed25a00ea4ef46965652ec7a810c450940e977b1ab3aa587,fcc1a634620d382f5da98a75b4aafe75c914af48e03301b2e07b61c0be92dcb9,110na1s,
Save,General Guides,aeccc603f9835c5d42b17c7d2defa9c0fc07f7a0aac0dd11e475c3c74926f8ac,448dbd6a8e8f00c0b0330faccc060f703183aef733029cd31fed6eb48cf55c7f,110na3l,
Scams,Interesting and Miscellaneous,7859adfef734826365e354d568718b9eabf802bed500f893d437a384a265b3db,d75371e89bd136f2d3bfa8de073f46cfc3821caf13826c74ef6750c09e1995fa,110na5v,
Sealioning,Interesting and Miscellaneous,d87b8b83796aa2d2bc96ce8b3787cf8ce0e477ed5a7adc4e90e8087f21569f91,cb3ebbc46656911dfb98660f61a803113d7d8ee7c7d1fa1448b64e4e003bc87e,110na7u,
Searching,General Guides,3b79662beb3be78b12963c3e9aa4fdf46c4f9180a9a44832ad104576faad3348,885e4128f9525106b13e988fd1086f13590b4e3a6b025055d0de1b18c4247ee5,110naaa,
\[Serious\],General Guides,24f22995af4d137d91a845c8ff330c0828f99bd7cb187735c2d41715aeb03cbb,89f9b1d5e91174d1c1152a410b2437c5076c3e8f04ad00b54b5c6978c0b0832a,110nabv,
SFW,Acronyms and Initials,5a167d586d47450d35a3e74d002c7aa7235e1710f83761f84128adbbefcbfc83,c0fc16b1eba35c8be0b444d42c477fbe78d403100f0058c467a9abdd014452a0,110nads,
Shadowban,General Guides,440b864318cc8f500ba30277c03cc47c10ec91f721461135d02fcd4a807c257a,656876b0922fdd676da8c49117e1ce299446f18238339f68a3e04b3bcb5c974c,110nafl,
Shill,Interesting and Miscellaneous,a7ec18bd0ad41faf80e98d53446296c2ef9c82c809a8a6c57e064fafd0dd97db,f93cb6154b6ed03046c5845753b65ce994034487b2b71c1129052b614f4bf897,110nah7,
Shipping,Jargon and Slang,571f8dbf448ee569a9958e2441c9a4cfdedfbdadd3d67b88ebdd7688de7a4d99,2fbdc266e8f80744d54222bea66de50657b5683dff2023ad1ad275d5cb01b575,110naj3,
Shitpost,Jargon and Slang,0f63a928ac023fd92cd1cb8d14224873ddb8596ddd1267168322d17a47a3e324,31c26fd5da24f8a88c490fd193218e37a62fa0781e3ddbb91a352c91d518fa82,110nald,
Sidebar,General Guides,74c97c2f0ab532779050a586c1ca14e34495cde7cb90b1c64b74afff8e2df885,e8c3459948e01ed95ac216f909225ed0946437f5c2601c437526d6e3ecdc9a8c,110nanj,
"“Sir, this is a Wendy's”",Lore and History,37e29018c2f84f91fec697be01c9ac57df73214248556f596221e67d600c964c,1234382119f1f39e30e570fced32a4b286f85ea64fc63dd7d4c7917615ec9c4e,110napj,
SJW,Acronyms and Initials,bc550a1b55363dd4673e5dea66691c8ab6cce99d4304c62e7447c5dbb504ea3b,c8e207cb4a15fdf300df8e9b96dd3cfeed1307be08c7c1997f86bd374ef13333,110narm,
SMH,Acronyms and Initials,92098a2a572aef757db461c4832504e891c9065cd4757206a177fca4f95dda97,7f5b282e40940c74cc846c47ba52750af07e8701237d97ee478b88e8f1b0a911,110natk,
smol,Jargon and Slang,9aca92379cd90b1013797eba0460907e7dc8a4d017b3180df3cd51f7b5821cfd,91da73a0283dacca590f596f76a07ca70c5090fb4f4927c2bf673f205e05da96,110navb,
Snoo,Features of Reddit,c59db016a333a8b3230779b7208b03e874ac521c5416f479a5e14a17f98dcc06,f71de4182952a8e33d2cc13241a6d5a28bd5b70ae53258ca48e5cb2d4de248f7,110naxe,
Snoovatar,Features of Reddit,db2195f52e4511caca5b8af5485005220bb0b134d512f773a79b3f3449a00862,e13eb82bd25d4d6e005b0912d5d520cdee3d7edb3d082d30cfb187272d7dad8d,110nazw,
Snowclone,Jargon and Slang,749a44e2448ea974b0662b50bb077050217be4b9000bc76680319a4768689b89,744babfa12d337c3f5e7f18b64fb31ef7dc8cc76703d78df15060ea7c1929cdc,110nb1n,
SO,Acronyms and Initials,ca208ef7d6c52dbe163789bff8980ff5ac7665cf8b7517f631b1b537ff13668c,bb2334a7547a18d09b05a7f799f8e4729bb1be0b3a55a771aed488d8861acb37,110nb3s,
Sock Puppet,Jargon and Slang,832f193b8efb429724f7ce2d958f8763b84c4c53d11e1e70ece5d3a08bfea6ed,3c38d03e4b8b4b0b2800d734db383fad584b972961187dbf28bce653bc714619,110nb5n,
Sort,General Guides,5c97e3d1ae3a560c0a4667f43c4eea3f3951b5b9ebb7978c05e9de96be004784,3fbe564942ab5f907349b1faf328ed99b5fa0a2092209b28c4e2d7239e411091,110nb7f,
Spam,Interesting and Miscellaneous,b0f5ee598764b803c2cd4d5747285c44bc7ff7292f891f9bca103c7769f62794,1f21395c5ced3379bc03cf14905648efaed2e1a4889882e130994a1d62f83b02,110nb91,
Spambots,Interesting and Miscellaneous,d55f016d31487c5be2d89d360bb0d66d16b5798b74a5c0e39929beacb9b2d8f3,ac63aad3a908719266d2b81c67e76f272be8de5bdad3e6ecec71eb0db2543193,110nbaz,
Spambot Spotting,Interesting and Miscellaneous,29cc5970930e63770cb757b8d6836a067a5be1f3df09e2670709d956a43ee98a,0c47bee40f4eeed7700db211052dd1dcfd46cdff6b7771fb158e4a0471474c40,110nbcy,
Spambot Spotting Resources,Interesting and Miscellaneous,ab8db63bda16eb947ab4c280139ee1388d8fc5ca04d46db964a83889f9b4bde7,91bcaaeff8b7845af2521e51f7dfcd704ceff08cdb47801dae8d8d751b4e7c00,110nbfh,
Spelling and Grammar,General Guides,2d14eedb025bafc0416c70752259dc3342285444fef1911065621c6ede182e56,9ae3b87cf95b33c07483dfde09e54c4c6dd245da823067fac0a6cf168fba86a2,110nbhp,
Spelling and Punctuation,General Guides,cf82075c0f7d259d45882585dd189a395873492abc120582a25c33102bc7003c,5963164b894fd547ad51b724a14eb3f33d8f94b5d49d6f0de52ab5f1e74a5d88,110nbog,
Spelling and Punctuation: Apostrophe Traps,General Guides,6043ddb953cec156a189370c598abff877422ed9ee9987caea52b3000b942afc,a62d5e9cd79d5f4d3bbe61ed5a222c15279cb2920f9264a7ed4ec79824c2b0d6,110nbsb,
Starter Packs,Memes and Trends,9b6a887356afe7549e9e5777dffd12421952bc3e46cb22bce55f73f803b6c003,398da2fc7d2e0e7a991f5295763713716430aef480124f0b895ea61cb7f48ef2,110nbur,
Statistics,Interesting and Miscellaneous,e40326279d12bc03ba02fa511b5f4d7641b4d666f0e619616cbc41556c94f309,ca91562f439dde77c4cb3b0bd54f8a133413880c30d2c6995ff76414f0ffc434,110nbxb,
Stonks,Jargon and Slang,9ae7e239f7ec5d3bf9302fccd9742c19618e0881e9c32b4da057aa7e456a4104,232862be90c198868be86a5067b750f8a4d34cb8d3684c9156d8ff002466846c,110nbzb,
Strawman Argument,Interesting and Miscellaneous,639e48b52ed436f926f0c930d05ebaffea2bf9ebc34f35657b667893d9ae69ba,c521076763200857e344e1d5216f69ead2b9bae7b0b4d8539904588bd077b5aa,110nc1f,
Streisand Effect,Interesting and Miscellaneous,34a61ba49568ef669344917e5804bfd8ec4e43e213aab227167c5c29cca91b8e,e9e15565cc928777d00e27adf085f65b46922ae9075c46fd62d0945d87abc2a5,110nc3c,
Subscribers,General Guides,7d42e7979eda587f70a15a2193c7c5ec954a08397a914888f8ba80a14dc0cea3,21124d5efe6e5bcc23cb5af43e041b586bf9a8fb733c8b3da68680bdd30a0595,110nc4w,
Subreddit,General Guides,facb69d2c2e2740c775092fa1936331ec08acdc9a493be4e086124576a6f0870,d16ef94cc561a4b35d0cc3c86786b4e5c2554647da2d440b5ba48f45f1e7ca58,110nc75,
SubsTakenLiterally,Interesting and Miscellaneous,1fba90ed5b375c4fc1e26a4a26258ddd603bd2bc7628f8dbbdbfdcf447dd824d,ff5c72c839adf0aa467d3bc3bf5535100654968cd0b81032ecdc9b7ce3f25f7f,110nc9k,
Suspended,General Guides,f8f16b78e6d91e5390ea5f6799bb04967e54f3d294f4a77649070349edc04640,8585fcf58e889d1d7898b0a8ce67e57d87714ff4f74e587f5f3c293dd0d762ed,110ncbo,
Suspicious Activity,General Guides,b9b05ef2b0814a9be1fd065f2f1ced3eeb42a92344051c9e56249d53d61c8869,ceb619da683af9fc3e1f60207a5b6337c25e8092d0c0e53463c4cbf29ad7b452,110ncdn,
"Switcharoo or ""Ah, The Ole Reddit Switch-a-roo""",Jargon and Slang,0a6b58864f0829d2bd0f4cce3a4e85318ce299d3f96171b7293b7350c34883b8,6a1db75cf3efd620bd27617893e9b49c97169fff4b7e3561eccfabb5d9dc4bcb,110ncfq,
Markdown Text,General Guides,67205434b8c1d41415b3f79efc065502537236ddc64fed8a88546a7b2849964c,9b99c1ba5f410143d9e33a0363d6b78e441e4ea960a3d4041236b72b0dcd6156,110mzvk,
“May I see it?”,Jargon and Slang,5ca97546077167858b7be457eb4e6cce938789066a3e84450f7952df1b7a3d48,0d46704bd30873b7e196fe6cb7b3d0ff774bec70c4f021446ed43f6cbbeebcee,110mzww,
"“Maybe the real treasure was the friends we made along the way"".",Jargon and Slang,a02882e69f59402822a3c1afe9d02db1527071194e93fddcf3c61ab2288ba19b,69cd5fe5105905dcc547509a840d6fd5712f8f4353a136fb25dde5ef4a2a9ff8,110mzyz,
Medical Advice on Reddit,Interesting and Miscellaneous,030a524de2d1e9f4a4865a78fc0aa883de8d7c644057009ffc755ba0dff59ef8,7f4f5d11008afddcc7e35b75b8b3ef9edf1e51b4dcd357fc9413831c6e926d83,110n012,
Memes,Memes and Trends,d4d3caed48d3dc6697fbc7f8ed08d49cab24da6b6b20cc7f5594e7c7081c58b5,65de314dd7dd685a34cca413a3f7ddf91d63d2f974983a5ae07785e8af99e767,110n030,
Mental Health on Reddit,Interesting and Miscellaneous,40bcc1e00f1639ef4064a7e1c9765b445c50a17a6c9311da7ecc3ff400fbdc9d,fdceb83a9532ef02319d184d50edb1179c8635be502628597a931ae6fdde16f1,110n051,
Messages,Essentials for Newbies,61597dbdac2ad194c46d54fb8b72ab756b2d9d1259c0675fc486dba48c20dae3,7d3aa9b7b574549addc99fc0be0ce62b1d56a6e9bca02316f75784bfbfbd3bec,110n06p,
Meta,Jargon and Slang,7219fcf144d6518ce50ee0e8763a27e7968cfe1dbe3091ed278944a9cbfc46a3,2c19125f2cc10a76de870fabbd99871141b75c7623118ade7c635880f434f64d,110n091,
MFW; MRW,Acronyms and Initials,ae78fe8378a0733a33518a708487c767a14adbd80c5dc1fcd6650684ed5d2c86,41f34a3e32a92fad2beda4f37611ed8aaa6c9ecf5a86bdd5d6502ac9500d755d,110n0az,
Misleading Subreddit Titles,Interesting and Miscellaneous,13f19bae4de7300914351eb0e8d260bb55380143e58709018dbabbaacbd89042,928cecd47c70f226666cd1034922161f2b0aa2f70698cf595a7ee6fdbf57001b,110n0cz,
\[MLM\],Acronyms and Initials,df16b7b2bbf2ab52448519935c605ebf5d691eb3deed6a3385bb4125bc81157f,76f50ea81a735c4696b05e98da113cd853f8c676f669b624b6f698679367112f,110n0ew,
Mod,Interesting and Miscellaneous,5f69f7b7f27595f8d952ff85a40bd9b5c47298b83f84321774d69b30d71ea0fb,ea5e5df7c1765a491b4f6854fb3785c02b60002c58feb48de1d718e7f0dd7086,110n0gq,
ModerationMediation,Interesting and Miscellaneous,6d661288f24c93833c80e1b217b79f31d1c9bb7143d0f12d1c8823bb7d162da9,25da0fe654d174ffce09913a1f0b48ddc9625c532e7cc9b104002e92a6408ac4,110n0il,
Modmail,Essentials for Newbies,a956096fa17860f6097530a5c678a5e0f4d03d8adb1f0edba49ae918f3492302,ae73196f5970ad2fd3b1f9ddd63fe7cd91239f4a630bad416c15e1bd3e9bb445,110n0k0,
"“Mods are asleep, post……”",Jargon and Slang,61362b6a75a6a3d0da711a7c3d801367e5b8aef7d324d2f59a64af3cede46f80,4a570a5d55f9f548ec8bac1a3c10eedc10b74b47879182e5d0514bd651d54f7f,110n0m6,
Moons,Interesting and Miscellaneous,f1157d4bdf3167650290a92845a8d0149fec3ab4a5aea671d23c615aa5acb6e0,bfe8def44208369b12092afb60d526216f7f1da8caa83ac4705d192dcb204070,110n0nx,
MSM,Acronyms and Initials,86ab196cb262f93f0c5d2dc92a228e458810e3a72fb09997b6f8a21d2b95f210,2d2644d0fbfc186b1d0e02f0f9253526d54b6925d3885cd74ec89bf31587633d,110n0q2,
Multipost,Essentials for Newbies,dabfa6a90e35fb15cadd050751fe9c0d6ca35e6e69fccd7eb6476b92b20a605c,0a12e70fedf7d463ded761bc2038a8170e56f5d5a71f8793bfd851a1fa40b275,110n0rl,
Multireddit,Interesting and Miscellaneous,4a87cb5a7a9cfe505fdaa569b7330080d02c82b9f4e458d288c79bf9494259dc,1ab89ad77460366c099e333d4e95ed6f2e40c0eb5325c674f826815a4ca9c034,110n0tl,
”My (24F) friend (26M)”,Interesting and Miscellaneous,ac65d3aca562fda4e776482b2066e8881ab4eedf50b21cc69661201249b6b2a3,0f9fac2708f36ee0eccab312b162aa33c4cf2650e39f3332d7decde6cb424e1b,110n0vs,
NAH,Acronyms and Initials,af58412cc0e83ae5b6c0c69136376d2d5e145ff0c1d213f09f415e1f6275baca,ff05c3b17375564064561d7e2ca53a65388a696cd7d0db03bebbd852435859db,110n0xc,
Neckbeard,Jargon and Slang,c633026962a62c398b26d54d34ffad31a2c9dc4a8325cbf9062c7c9acbcb48f4,c08c1ab46c27f3b59ef9614d1c7042fc05b48c79f3075b3d8aef813f9d3fa2b0,110n0z2,
New Reddit; Old Reddit,Lore and History,7d8b3129225aa9541b23133530db0986e50a41142825d17141e40fe68dc416eb,b3446f231822c65384a3161d7ddbe658e70106aa7dc79a939569e95463819c3f,110n119,
New Year Celebrations on Reddit,Interesting and Miscellaneous,372119b5b7e662595682ff030e97255ffddfcf5c59dec0857ea835f26a541388,eecc50322582595987117faa2838f365b0e2f303f8f38251fd273107d91e1b68,110n12m,
Next-Generation Recommendations,Interesting and Miscellaneous,4a084ac1f0de720dafd4459df1865ce02bac016d4c735ec958fab1a8c2c5f3de,b7d3155c67899a3d0246fda8acbccac2cbc356c1512f139477ab5aa95bc475e1,110n14p,
NGL,Acronyms and Initials,976c5d6f87bb431838e9bed1220cf1d32fce4498b3b6e3823b2669894d9e6cb8,1d13389a39e14b691e2f8d31eafa05419243fc84b533106ed9051882b41e4eb2,110n16p,
“Nice.”,Jargon and Slang,aa48fde82098d4ce3ba2c2603de454869877011dcc83fac537170e8391a495ff,a1fda581ed2fc4ed2e722ddce4b6c5037104c15e737bc3b399350f04456102a9,110n18l,
“Ninja Edit:”,Jargon and Slang,dff7a42225508c0b88876e1c2e30f16050b5d7a29e4f59aa8317212c0d2aaceb,543a226ae5a2c1f292bc4e0c84f55266b1f7b586a1aeb9c52beeb7f8e30d3801,110n1ac,
“No good deed goes unpunished”,Jargon and Slang,a8a72fa7fe120b0ea9e4f6869a284ec256c0f376030f81451d8edef7865b6f28,632ee51a605292701df37c8adf5d5d7bb9e72bfb92e0d0bbb2e4d82f65ae7322,110n1cj,
nosafetysmokingfirst,Interesting and Miscellaneous,fdd9873e219f0e604dd2b1c7fe5a6696a32b12bf8d518768505ffd80538dae2f,30719818d955942f5a180b91379cff394be9a06c193bad7a74e27a6d88789a69,110n1dr,
”Not all X are Like That”,Jargon and Slang,e26e6380f043dd346a38f70f2d221489bac55f637fbaf0268576a501b857f2fd,36bcddb1fc0d57ab0cb658291dbd4b53b41602bd291ab2580b0a293e78c45369,110n1fu,
Notification,Essentials for Newbies,8f6940a4d9b8de3617c5b9cbbfaa2f6597714ff1d631d5553c14580b6e64e194,e43f87c09bb05e359f8e39f03f457f2e868e998a8ca49e7bfc132196212473e6,110n1hu,
Notorious Redditors,Lore and History,e4bd81101261cbba402afb9ec94df05f5a1c1b9d1bf638803b3648e15fed128b,6c48ba040793596cfaff2ef26cf6800f00cf4e2f97777b9a719f258ec715024c,110n1jo,
NP or “No Participation”,Acronyms and Initials,650dde3ce85e2ce2f00cf52e65db6651526d98b7b51b534c33808153a8204550,02459793390d038934b389ffd4d5820895ac4247227065c65dd55c1551e26487,110n1md,
NSFL,Acronyms and Initials,2a96aed024d323b46037db51b3c02998fc3b2f292bc854ea91bae1c520efcc02,b8df8cb862421512b30919850aa09890408e296a8fc61b678627075682206529,110n1of,
NSFW,Acronyms and Initials,8027dfca3c12167f750ca11520d1ba34d286d668f8db38054393c04fd43477de,5f6285da127d8e042dbea5457d2bfe3d7d677618fb156f1d7d1bab20ffd97103,110n1qf,
NSFW Accounts,Acronyms and Initials,d005c599dad228434a94021517f0c801dcb72f568313ef4f7ff359890759907d,7d3a3725b71551cd006862a88f163ef55a2854ce0cc4d81f15439f799b8f8f2b,110n1s3,
nottheonion,Interesting and Miscellaneous,00c86167fa2e6be09f7719ee7fafce25fce7e1d85bea1bbf42a46a1c41af5314,1c24126e0f317a80fe130f606d1641dd01f09c61eda73edeb8ef4ffad9e3a69a,110n1tu,
NTA,Acronyms and Initials,a175bb096208dd907d60be3660511682598d0ad4321bab0ccccccb5dd87bb4a4,d6bac743cf2e047fcdaaad372d38888be5126204bd85fae7b4ebea9a95bec73f,110n1vg,
"NYTO or “No, you’re thinking of...”",Acronyms and Initials,1677a7f4ae27cdeb1d598a3ab7591042dec2985f3497663f1e2486156289f6ad,2d0a1c644730c422d6ce60e7759ba434b06a1b7139bf2f09918a259f06745220,110n1xf,
ObviousPlant,Jargon and Slang,1f5d7ec053ffc70a02ac30a473eaf309f752cbbd84f905edfa3ab8242d2bf2a7,4e94f2bb4185c1c71d16dd7741a452855d12470da9356660dbf55af08b3763f3,110n1zd,
OC,Acronyms and Initials,ebe3e9f2a00fcc7dc42717846a5e87113cf0ea7c212d254af850d93dfb8439d9,45c246e0580d4a146bcac3746a16e12ec0294ea8d226e918c96031d252cbca8d,110n211,
Occam's Razor,Interesting and Miscellaneous,c96020ebf0ccfc2a9f0e0d14340f22e66ccbb1d3c4f1719e4eddd828381a7c0a,916b824b5fb9d8b2f048b6aceaa321d64879cb02ede40715bf516d03936097bf,110n22t,
Official Reddit Announcements,Features of Reddit,fedb5953f5ba3a3f48af70efa4acd3ca692b352b77ff5d66bcaa7016e71ab752,34d06cc5db7a3a07458adb002f5b6ab3af9a0b716edd0db0d32df3a1621b15b1,110n24k,
One-word Replies,Essentials for Newbies,423c1a3ba97ec64724e15bd44388fd2a322c5a27e81aec32af38e5a66946f153,47695ab8f7e621ee79fde214e95c91d76ffa7b08766b3702f61edc1fad080662,110n267,
Online Manipulation,Interesting and Miscellaneous,261f6dfb4ec93a00987dd9a3eac9d74828cfdea32eb399568be5f595801bda30,bb140bc7615047af06f87f7821051dac4a907e2f816d5a0ce8470cc205f56133,110n28j,
Online status controls,Essentials for Newbies,d4f80a6e47a3788759fe71ebeb9d59ed3f33281b2a100b41c04866a62f009d2a,734137e8d6b890777a8bef4a0d03b9c6885b444b88eb3612d9ae0097503acab1,110n29z,
OP,Acronyms and Initials,a92d8837a4aa7d59b235bf2c24cd69bbdcce259e548f185ebc225f468df65cea,6b24b8af10d5c831ab519be0c0a196992c70fb463a17f42bb221e9e59d7c1859,110n2bz,
Orangered,Features of Reddit,aee9f49541201d99e5ab71cb1bca2b0aa360a34e956f96075bbccca9c6a6f5f5,d611da23e510ad33b8066505f20070e737ddb2455b22577b77ee4b4ababb6f08,110n2e4,
"Other Useful Dictionaries, Encyclopaedias and Lexicons",Interesting and Miscellaneous,68375bbfa03b5fc4bdb977bd3b1e27fd3fcd348bcec2d1c2510b1f3101b3823d,768082a947aa7277a94600afa2e578e94e21e818f489df5457e7790825b1a928,110n2g4,
OTP,Acronyms and Initials,426299c746ee4d4fda1f66062bba3cc7d1dc9e18a1629ec0b7d647c6f64be14f,7dd0958a866e057c8411f67fdbd92767260af7b6494ee4cdf3f3a3b65e984d6e,110n2i3,
Oversharing,Interesting and Miscellaneous,f0906987f52d4e76a6a164c0ed91193ca48820c81bd61b1068075f5f22d7fe0a,3415f0c8420ef5a22707c72add31f4152088850dc6d1db6771238a7401c278b9,110n2k8,
Padlock,Essentials for Newbies,8cf313a9be21a2090f7022bd88dd907dfb2b080f2cdafa5fef8bdadbf3e11a22,cff83eced5b01fe2f147b8e52cd317fb2e78ed918cb3af8ba081bfe499ac9f4f,110n2mi,
Parent / Child Comment,Essentials for Newbies,e7d722c2f7016b2727f16eee25d6d885e96833f899441f6c3f1e19dc58b058ae,ecbdef6a532dd090e67e541074589dc7838811c26f3008625d4c937022251109,110n2nw,
Passwords,Essentials for Newbies,8f6f9a0e2e25ce772244ef27458ded8fab15103b67f641377e72f59cc055c0fc,971762c96ce46a8af9e57f8685d8c1cf3c8cdc5f3408bdb47f2c0742cb5036fc,110n2q5,
Paywalls,Interesting and Miscellaneous,c635bf26bfeac3819108adb82cb3732bfd986f75963e544fe9fe51b617787462,4da5e82c5916d46dbc6269499daa1c092399f9e072b0dc4f735828ab947ac2a9,110n2rw,
Pedant; Pedantry,Interesting and Miscellaneous,743d52cc9b64b9a101848960e7b95571dcdf3f3f5ac6f10544a3a2e7f6ceb081,a65d19d2bb4b15a90801997e3f4f45904338b698cc5177e9c1b21f67e3c523f2,110n2u0,
Perchance,Interesting and Miscellaneous,a569f8c0badbb93b9ee39cac6f4068483a2a016cd675607796d49fe042ea8434,88d4addd5a7c0086d2b80fcc8f9836619bd4051c3716d5cb0974c2909333375a,110n2wc,
Permaban,Interesting and Miscellaneous,17ab40b79c92d3b7abeeb36d89cf591e2e589b30752ed1cd1e56819b2197414e,87b90f0f9edc1f477a099baf7cc1818590c2435068ee2670414ba7ee3b4332f0,110n2yf,
PGP,Acronyms and Initials,10d638d638357ef4177baa4d334fd67a14f614ce270ba1eeaf951369e492eade,e750fbe6c2c5402c3cca3143441078666d6ab278d1341ecc9b2de8526d15c328,110n30f,
Philosophical Razors,Interesting and Miscellaneous,5774cb848bc07350715e1f1e56f8b323489cd4ed39f209daf2eb974bd03056c1,51f8d07edcd43e5b4c131e35c5be56d00fdbd75e62d3933725b01c14fa3a8904,110n32a,
Ping,Essentials for Newbies,da27bbd61f4c59bffc5d8d8e4782e002e3c3e272503165536cc227077fb694b0,c4c7b9f0327331f735c6a4dfeeb79e0656f77ddc729c93e943a76cb87a94a85f,110n336,
Pinned Posts,Essentials for Newbies,a50441588e689c48057b9f53f74f434691103466d6ac7fcf3c462dd903a2c244,6f00cbd9e200d4008f87efe8cb05066b433005479190ff6dc449b7df04a28cd8,110n358,
Place,Interesting and Miscellaneous,f549d50f638e348b7805ca8bb55a71f3d93cf7175f2cf5a37530a73a21c9c5ad,c1a2dca699dc3b3144addfe44fed120df9da4d9136ddb3568afb0aa0ce68f3e2,110n373,
Platinum Awards,Interesting and Miscellaneous,6a553320a7773d9f9b3d5335693babd16058cfdd49a4414545fa51e658ee6e83,bcf35b6b292c2b03f0036bd983cae3f9ffff60f8e5efd3d782bcbdfb29fece30,110n39g,
Poe’s Law,Interesting and Miscellaneous,af37ba2bb981606cc9f870b855bda634056872cbfe37d469cea12bdabd9a24bd,0d0c6d48fcf30eaa42b4f29aa4c12b69e4038c125b7e5e96cd1a1d66221bdbc8,110n3bo,
“Pog”; “Poggers”,Interesting and Miscellaneous,514e83621f8159675af2e5e1033d2b38d2b1fc08f071f5cbaa3fba937294af34,2591e22e25c577ed23127f73adcf7dd2027402309524997b8fa040e4af5ba74a,110n3ei,
Poop Knife,Interesting and Miscellaneous,eaf5b2bb2670e82eaf00b99162fade286905e3850e351773fb7ce2e740ed8fc2,86fdf593a41ab8f103543bffd0a3763283aa864a499db2c8335138badd421362,110n3gq,
Popper's Falsifiability Principle,Interesting and Miscellaneous,c6c2fb9f29ebed44069061b7e29ea3bb0c687daf61da0856442e000bb4221179,98fa7e45ac1c8159b8229044be2fdf50421fbd237f685c1a68b1d84873dfe1c5,110n3ir,
Porn,Interesting and Miscellaneous,57891512498b3d4a3b633b59ee810bdab1be7a3f0a91630664a7a0f6557ef537,cf844f6bf2d19ed7a8fd5f978fc6fc062d5b67c15adf7bde7a5a7f7898f746c3,110n3l2,
Post,Essentials for Newbies,ce2772019d4016b39aadceb4c3a6f96488a09e813a464de19bcd003cd21bc4fa,144ed2acfbc5c78e9dca12632cbb1e9f160ec9f62eb807fc73dfd36398d9540f,110n3n5,
Post Flair,Essentials for Newbies,3399c2ded4d0aef571398d385d1e56341efe9c59af31451eff72fdad4b2444a5,b147d78dba673d7d011983ba3f62306caaa7809bf6a3c333fdb57fda13f92c3c,110n3ot,
Post Insights,Essentials for Newbies,4ce66aa00b3eaa6942cba76027f8db5a516a9ad5e4127019d36c781d4846ff41,e02aeff9ccbc436f3a679df37c1ad86dd3d912a880d45cadbce7552410176f9a,110n3r8,
Posting Images on Reddit,Essentials for Newbies,ff20806cb12e2b1f9a9210f9695cffe01a5a5387ed09d7791dd1adb200f8e445,e561617c6389211f009c28b16f5fc764d37617e799ed0ab6bfd2632430a06182,110n3th,
Potato Quality,Interesting and Miscellaneous,e94f53471243ce5d01f528f9595b1c982e7f612b5d21af53c05dc53249311890,cc18aba53c21abaff8396d30da87b90cc46074d237532814329e0d859980457e,110n3vb,
Powermods,Jargon and Slang,aa579a2ea62d5557e3755fbf734f83e1e5761f31dbd4f4e74af7c00815311763,a5c0acaf16ccf0c00e755fca20e1bd0ad0a8494ab666117b36392baed9c082bc,110n3xn,
Powerups,Features of Reddit,d543e00275d48b8f4451c656670ee2841cd720a6b7aeaa3847c9204117a5e2e3,8a6b08630ff5ff5713ffea6f94d52a08db1933596edbd322c751f7be6ab84520,110n3zl,
Preemptive Ban,Interesting and Miscellaneous,60ceef98ae11cefb691b6aaa5b61b9eced79e59212fb09e731feeba54351f858,d7fc6542d649e5a68044244c992960a0b522e10d2aa3dc2299e4b7d8613a16d4,110n426,
Premium Reddit,Features of Reddit,4b976c1e9b312f3e0d8caef28d525c68c95a58012928f13220f6f8d419bf4cc0,2cbf8ba2ac91f6aec81a68b5cd6852980d013085a8c91888e36019ffcb53944a,110n44a,
Privacy Issues,Features of Reddit,a77e3446833811c206604d5043acfa575aa5ec6ada6591895e84714fc06e4443,01dbcb380850c1b9121d8e9399efbb299fafff92aa5aeb90e1c09ddc9b3e75bc,110n46v,
Private Subreddits,Features of Reddit,3b096ee3d3a95e57d07d6c1a41c31a7248fc2c09b45fc42a7d7ecf20c354f754,b1045cb3f1b50d3a43ed261d77193ffab5e0e774fb6dbd8c5337a8338018cba8,110n48q,
Profile,Essentials for Newbies,ee0185a95fa3e7063468075856d1380d585c380bb9f2153e4724fcb709455d6f,ae26477839098e43ce677e83865d4e1d28b93d2e9b39f72f11484977a76cc537,110n4al,
Profile Page,Essentials for Newbies,c262fbfbb1002b13c8b1d90efd86fcc21fc59b13d4bc692a55a1326d2ab133f2,0ad4c3813ba1b630354f1526b7ee82d1f8b3319e9ee4fa02554609f56b384b57,110n4d2,
PSA,Acronyms and Initials,dd2045aa71e66f4537b3a437f27039481687130b8c5da9b92fcaf65e838edb5c,4836a217a9c920ffdf7741841a9d783202bb8217ac9c1265e83932a28f842aa9,110n4f5,
Psychology on Reddit,Interesting and Miscellaneous,fb3568d5d01969cf80e526b9a5095b8252fe3d5768afe0c9a78e22230db97784,3f1e0484f25964051e6c88969937ba5cfa23ebd7827fdeff15ec53c6ca328844,110n4gu,
Puns and Pop-Culture References,Interesting and Miscellaneous,b60973b3d2016d22151066eba51ddf5a8e4c3920bd0312f1fb910999e85e7009,03065feebca5d9efa804a6c61d4e8ebb0453aa9d00e01bf222c95e8ccd8ae209,110n4j5,
quityourbullshit,Jargon and Slang,7eb3a0db59231df5418f13296bdf73bf436d01288090c103774256ba0fdcf249,3f8b7e30f9b569d7d27066572ebb954d9124a70a8f2395e3e51f277c25b01fca,110n4l9,
Quoting,Essentials for Newbies,7af04388a4bf074731326891724aa00f04d70623b07ac3c47070b3f24f0dec4a,143fbbaa724e185630d180263151b838811a69ef4bfa8af70dd03017a2a0cea2,110n4my,
T-Shirt Posts,Interesting and Miscellaneous,d8c1896c2505a9bc5aedb09b3401f41a56b37f025194cbd3552393b5e35a8d4b,f12319f2e168bb6f16fcc1fed34b1d8cf29a5a3672846f695d493c59730b9f24,110ndob,
“Take my upvote and leave.”,Jargon and Slang,392162d54e6c0ed647f935b8a72a2d2f86432b3e1fb2c238d343119b88bd180f,bc46c9a311af581ce4fc2b23854e3951fb26fce37ee1eaa9c01eb359c17af6fd,110ndqm,
TBH,Acronyms and Initials,3bb4817bf7b52532d0125b8eb1f3f7d95646295ceb1005e36cdf0df69799ce2b,6e8ec5341f26d25e8a1fe60f0f8d0ef66db7b75e97f5a20c3152ea3147263086,110ndsh,
technicallythetruth,Jargon and Slang,6a5a981de7909998dc66de91c5aadb70143b7261355e16d62c3ee2877873926c,258879b7d24b1902745c04b3543a76c219c31d4689104b12b30a37e35e40fb81,110ndug,
Tendies,Jargon and Slang,ac3d402ceed5b07065dd03c0217f6badc9b6767755187b3e6bef692e47b95b68,d8792f5d490999287a435ea1a0e9853bb3a01f90163fbbf80c7bf8e0f9efe840,110ndwb,
TFW,Acronyms and Initials,60a6e7de52336ddf19d6ea3076772e4a027b72242bbfeb1d9178e77c56cd2221,b89d65b0a5774c3cf531cb1bc433201c9bdcddf524999cd67223fd7b7c092b9a,110ndyc,
thatHappened,Jargon and Slang,69ff93ed633c374c2188d4daafb2a626e0d3ff9df21bce188053f92063bc253d,6a8690de6360d2c97be1cd8ea698a8d24f7560515d097e4947f27abac38b8710,110ne0f,
thatshowthingswork,Jargon and Slang,5724897148884608c8847d921bb2d5018933a9ea7af219c60d81fbe8a3f7b7af,a3904dd5349c9864c07945feccb4bffc9670029da971812bea4e8b00d21dd873,110ne2j,
“The Big List of Retired Questions”,Lore and History,dfc6535aaa9f634e22728afc482288cbbfaa1a316518fb04bfd277c6d747b712,eec6f24d3a53e8c2cca4eea0cc2fa30e02c41cf3b3411f155439e1f24de71910,110ne4f,
“The Narwhal Bacons at Midnight”,Lore and History,2cd16c21849ab8a269bb1349c0343c954dc5898ba3e16d3de97486fa7cf1a902,a0d7a308a63a160d48fef6ed07ecaa6bbdf4a063d714be4cbd06448a69f832c3,110ne6h,
TheRealJoke,Jargon and Slang,b8a90cbfd32227542bf0af7fc314d43c2e1532c190ff7b59eab188b5b4f11e61,9371ac331a13e064756fbaca624dcb9bc7688c99d156358ffd30479f64c30855,110ne8c,
“There’s a Subreddit for everything”,Interesting and Miscellaneous,1640da640577f881ced75e47384514a56d1f29b29ae52f8834990cc00cb57ba4,d2523ce63590036fe425713b252a1fd41c89058b016c567b5ed4ea1442c33162,110nean,
theydidthemath,Jargon and Slang,60c9eb636e4a1ac554bee7c862d57e3d571340f0e8328b5ae19371bdf3d7f7e1,c1b0bb43c01f9338cbe124d0f7f2fa0f9b998fa7dd2420ebd73b749ca4885bfa,110necx,
theyknew,Jargon and Slang,94041ca0ca4ba5da1fe9c65ebd6d88f27e89ebeadcac9b3919bb7820bce0f6bc,138f71f15d755b3c2dcf9639da6784a8e591e6bd26026ea9e45f09f62bd44de8,110neek,
This,Jargon and Slang,56a6d7fb3bd670ef212a3f63b196b5fd15afef1aadd050ca4c5b3fa72226a529,146ceef86c06615352bed772b166b68ec15b1f4b10da28eec600380420c24542,110negl,
“This is the newest project of him?”,Interesting and Miscellaneous,08638226eb266de99906b5f691eb4936e4ec3b4e6187c248deafbfa796823485,cb407c630409712a75de22ff849af2c2b4201e1ab9cead22a0fe807cd5da7ddd,110neip,
”This is the way”,Lore and History,9757e198047c1c0fde76ccc1cfbc49aa7f48f9eef96bc2498e5bfd898a5bbe74,cc0a9bb0e2215f2fd33201a04980606b9b93d92ebb14cae53d836276db74651c,110nekw,
Throwaway Account,Interesting and Miscellaneous,fa57793f4d07362361c39904b0f725b8ae7f7891026f6e431486f4d3c9e6743a,5fa23a7f957313f8613b130810bfc65e66af305eee40cb9ef7cda004296d9d5a,110nem3,
TIAH,Acronyms and Initials,01ff47a170ee235ba943e739ff7f43d37dcc3d1cfba3d6874a188d90084caf58,04ac6f331bb8bbef79703b1b3728276b6fa0bfe5bdecedf51d06e7e22eb63815,110neod,
TID,Acronyms and Initials,e8d66569446e816d55879fef711d9d039751fe484c744dfabfcc20a4f6dc5d49,ae43efbc336dfbd44e53770525282d541ff89342ac0148665b794e2ffcf2c2ca,110neqc,
TIHI,Acronyms and Initials,5e3e37ef74f976a958c44fd32f4458904aacc8c7add6547a04ed13a15a69b5e5,c64c7023e649cb70617b6b031ea13321a9897927a93342a751f9cb8e36bb0bfb,110nesm,
TIFU,Acronyms and Initials,cacb7d65a93fe5a13a31cc3c0685ee3e275e6f4213900bafdbdc41ddbbb8b1db,63d4107b9615fa9ddebb70142aee1e8ce56271f4e3265aa9254a4418a40433b8,110neum,
TIL,Acronyms and Initials,d7166fe512891c990176dc91a1f2cdc7632572ac773d84c91bf95c4ccf82c6cc,7ea1c3ab083d0a6b952dd4a1ee764164e6e9fbe3aad41825a37052e7738639b0,110newo,
Time Magazine Person of the Year (2006),Lore and History,ea88c62136fe15685e7e64c00329086ac8ee1b172bf068efe97987126c4cd2d8,bfaf7107ebaab3e387f0c9dae930eefd023990d8c3eb5299a720ebaeafce67b8,110neyr,
Timing,Interesting and Miscellaneous,ace604e1c9f65fbc854609cdaddc61a7fcb231a5e87b2910faef6fa9c2dfaba2,96d01e3aef2a05927e938570c27c92a11c42116812896fc95a561a6240672f48,110nf0q,
titlegore,Interesting and Miscellaneous,7a8cfaab983a2cb8c3cbcf267b146ea2348b1dcfe8bbf2c73b7b664c94d37b47,61f03f7cbc8b500f76132af199a04369e6e12c6a2dff2a86ab67b0d1dd7a5a3b,110nf32,
TL;DR:,Acronyms and Initials,17b6b8ded3dbdeaba638943976d86a7ba243f54c2e56dbb74ca47c03b53b9f14,526d3bed4d6479e18216cb95f4ea0186b46bd2fe4221936605b466b7d7fb0c28,110nf5l,
“To be fair...”,Jargon and Slang,faf24a887916a46dfca1e699af44c06f326a837972963a3b684ac71695081a97,ed596e9e17d6484664a3658b73549e59505bd1dbfd42248c5e91bd8d496d5433,110nf7l,
TOMT,Acronyms and Initials,28a54fdf1d3bbe96c1eec04b576b5fa88428bcf8a66c037f8008bfe0d4bf7a0d,b38903b3cd8409fe8901cc62e27cdc8ad9a3f9cc34d72c97066907349c8ed8d3,110nfaa,
Tone Indicators,General Guides,3b0e41d157016b032d16e471b8d0dd3d0a57029d830b5bff8af62e10eb059f93,5711d1eca5391b185cec173a815c4745f35397f1662d8ba2ae4629a3f7211aac,110nfc0,
Top-Level Comment,General Guides,aa38d2c70741c146ef1845038ea1258b5718bf737206be782c03d5bc16ec6ba3,60226e7d56a4d23213a712b3ab28f05873d6f2d60c0c06013979638d4f9b7283,110nfde,
Trophies,Features of Reddit,e0aac273c62e369036ec3de621956f2d1720d96f6da4831900cf21636724f451,91055cd71b3a46601281c6e435e6a646ea7f70270eeaf708cce74218860f7cb8,110nfff,
TW; CW,Acronyms and Initials,68f1a9ee9170c2428c4a4f161e47a03a3dd6cfa3455c41475f018e821ddcb252,a85769cb2c3b252e50e283bd7d7a3d49d5e80c564376d04af158a4798724f42f,110nfhn,
Two-Factor Authorisation; 2FA,General Guides,3afa9330c4f6a3f0110901d293f3a1789104eac70747c7b170abea98b50e6d56,845dafee554a4c0961b6c0917fa366bb3ba4407f05fed8106b024d826fc40d26,110nfjt,
“Two Redditors One Cup”,Interesting and Miscellaneous,42b775bbc3cacbe71f00c92b03b104ddbd7806cc361a1e1731f81b88cbc761aa,fe3a19224693770ed517061fbe955854bdf8f60f35362c685985d4170863dd8d,110nflp,
Aardvarks,Interesting and Miscellaneous,cf874705af39bc628eadbe0463106aba424a9faf02bbaed9e31c6d583c8e374b,38069686dbb56847abc883d73737d01d3c7fcc01d0af61673371260f32a71e64,110mk2f,
About,Essentials for Newbies,88f94d7fb065e7092c6a1f5343a17db8fb617efa576e8e1658cf07e11c24753b,c881f6955481b6e553ce92af4b846675cf44a72486c05854b133e0e2620386db,110mk30,
Absolute Unit,Memes and Trends,498d4ee4b80da8daa86c12601b83e27dd5faab255c4ffb5f8c6f9637a8180b3c,5039daa7d5157a1133a07dda0580cc4b14b2972fc40749d274dba93d390eece2,110mk3r,
Accidental Alt,Features of Reddit,fd574cde129fc76fb911a2845a0c9e393110604e70f10cbbb8d3ce82603f358b,ed095e9cbb74875019ecd90b6e0afc199b296805108794c61bac222269f8c182,110mk4e,
accidentalswastika,Memes and Trends,12e56b9038ad29bcf387d61472eea60d2b6f67ffbab6b6187182c139a7c1e1ac,410829f8001631f0b6eb2faa2a2bb43f7d27b2eb4d00900be7894ada0e6c2dcb,110mk5b,
Account Hacked?,Essentials for Newbies,20744882457e68f19b452ac70060fbd6699d1a158663e64e5fd2fe3abddbf49e,39af085951b1d4aadf1b51b4e29d208b413f6edb7fddb67923cd456420ce8e76,110mk62,
Achievements,Features of Reddit,c9e6bf20f9101efba24f401ddc3829f11562a35559243fbac0cefd0118c872c3,f517821d5769e4c6bc8e9cc242df370bb45e6b6bb6c028bde8bf7960c4891a70,110mk6u,
Acronyms,Acronyms and Initials,b6b01374af4952c45104a35408aeaef921457de207ab91251705e197ef993a81,3bcea9cf39ed05d6c7fda788ea1bf83fc32a8da51fa3be325bc3b288afc1f4db,110mk7t,
Activity,Essentials for Newbies,5aa97eb4bf589c191b1f59b96d1ef4743c2a69a188d2ef533031ece40141a262,0ee7df638625c96b9680f333ddd02739cde9267067c1ef6d08777e4ab304b6fa,110mk8j,
Admin,Essentials for Newbies,35b60c8703210bd73dbfe9468427628b81216ba019e0aa256acb322e286d73a7,1b65b4b6309d4eef8f6dcd3dd306f090840c477a88577b7ead3012f664746d09,110mk9g,
Adopting a Subreddit,General Guides,e5f37331616b593966dea6d91fabe3a9d8ddb72f87fad383553ae9915d8ad8c7,0b6fe7330eed86a7fa7654d30f69288a041260c96d9baca0401720960354dc54,110mkaa,
Advertising and Self-Promotion,General Guides,2b2e6f74e354ea0da19d6def329ca551bde6b98bb14dc3358d900c1c8ba230ac,338463ad4bc865be932db95cb12bddd595f1ec308ba13405bb239a1ff3380f5f,110mkar,
Adverts,Features of Reddit,32f891e04dd7008196319ad7b4c6a9fb7259a41fed401a4a1246b27e853a75ed,0c9a2306fc290e7a049f3460909595252bc47fad17f060580b657b62d85fa9c0,110mkbl,
Advice Subreddits,General Guides,44b659d7e3a670d7caf289c61e5856984c0bfdcd1da27a0f9f11c557cba760ef,a25b1ad3a11539f86dc6465874b73aaaaa8292c2d2adb18e36bcf4eff7d755d0,110mkci,
AFAIK,Acronyms and Initials,d5bc6f38c8fcbb9880f70f6e50ba30743404a426af9cb65ededc23466ff4d0b3,e7dcef1c5ce9d1341db0ca44338ec33415eeea441c9668779482622bee4376c6,110mkda,
AITA,Acronyms and Initials,7d6dee152dc7ec6653d394d36f551b4c8296a69b535bf344bffb064d8db1a52e,70d4e178079b281b4c82d0cd0b185bdf46afe336cb36468da6e32ac3453e08ba,110mkds,
Alder’s Razor aka Newton's Flaming Laser Sword,Tropes and Oneupmanship,798dae9fa0bd403ba93ac60b57b9aaae39b373f4ed5e1555970cd98c495d5f14,2836c7ac315c2e00a20156c65f1fc4a7a904b456a2ab7ddfcae8fa88e848caef,110mkeh,
Alt,General Guides,23071518f08fc7762878cba9430c2d2cc4ac9407083a6c6aa5a20dfaa0a56bc8,fa564c9c1ff30e7382125d9045f0448f9e726e018ba4941de9b450ed7b5c971e,110mkf3,
AMA,Acronyms and Initials,4d64f144aa28f83870e19d34955393a4b41522f1a4df521ae372ba97aeb6b020,325826ea2b95844506f02d9eb9c8b9472594762d9343f4b8d7fd9572a514b0fe,110mkgb,
”And My Axe!”,Memes and Trends,9113aba317f0d3ad8613ad7a7e1ab7ae1e4e1919f53b863c7abd95461e9e12f9,5291c46fb626dd69227920f1102c80db644c5e2a5e60f0e26572fc5e660a7c3f,110mkgy,
AnimalReddits,Interesting and Miscellaneous,896a320577da615b6b9bf94f83847e34374a7a6ca20af0cc8b6b3560d27fd360,0bed5bf306916771884e092a148d103cccac2d0f2a15be5a4688661515b4f570,110mkht,
Animals: Faked Photography,Culture and Etiquette,d680a0b1a1c787ef38492e40aecc2c0c5e9a0920a421424740392811356467cd,45418edf094872c51ec6a00fcbe31edcaa6c87df665a041d17d9b352440d18ee,110mkik,
Animals: Faked Videos,Culture and Etiquette,e04c886ed28939a62b3c02a9212659e0dd6147ccb20dde5a5413b494034e3883,5f1a1f01ddefc82ae1151d0d53fad74a516660539ceae5ebf75f13d8402e5b26,110mkjj,
Annual Events and Celebrations on Reddit,Lore and History,cec2b1ac011c4d40bbb90995ed96600763cea8c850d2de8f36a639aa36a5715b,8f52b35dca412c71ea1c2f8458ee50acb39acf0e76befb0d9a9306b12706193d,110mkki,
Anonymity,General Guides,ab93e5ad0a6ec4c6f37482c6212538415d9b65276fac0505f24a9b6d0f7962dc,9f6408938657ce1012a765643a6b79142863b4571f141c47ceb7e1911bb7b751,110mklu,
Anonymous Browsing,Features of Reddit,4634669e3a65d4bcac9cda5d1c04c613f460f97c1f6242edcccddbb884a4ffad,ac3653766c762aca62916fcf7e1c291fb658c8b912e37fc91f5b27d152e1ef92,110mkmf,
April Fools Day,Lore and History,c569b4e641ddd687b414f70b3fe18eaad99e93d4303269683525cae9a6f63415,801d1f3430d213b9266944c93cd611bfdb4dc1fbe99a8f5b536e086e90cc6ce0,110mkn3,
Astroturfing,Culture and Etiquette,b02dc16d4dd38d42751ec032f71436866612ec4f87281b403e52ddd1a8096efc,91716e19b82188c16ab51d1587be9cf1cf105c7b3e2ed13e2cfd2cb49b3f6778,110mko4,
ATAAE,Acronyms and Initials,ef4a7789c9dead2bbe444bab05120d9beae13250f53036ad51b8f94615d9cc08,5cce08517ca426a6711c42524064a8de8a2a3feda4be57449bcb9f9babf3df1c,110mkot,
ATBGE,Acronyms and Initials,02991c471fa873fb29e355afda30d5b80192bc7ea45cbf5aa6d7b91e76a3e881,f473c0e497cdb0d66ab9fafeefc15d1221b19c9234326fd55425760fb1764b78,110mkq1,
AteTheOnion,Jargon and Slang,ec8c8e0c90d1ca4f097afd626aaeaffe07c98adc52890e6675d44b62a6ffd44d,13ccdd7cbc8d87af49d264a85bd14375604c3412dedaad95362e1e6a3ba14d08,110mkqp,
AteThePasta,Jargon and Slang,2b4f35b9b89337135b8c9db3a8a1eba6cbad36724fdf4c3228088d2c00da1f4c,c1c932ffe7719922f628f45032a96f220f1086b7cf1ad8c7100ad512a6b4d5f8,110mkrf,
Autocarrot,Jargon and Slang,274209eb31ad92434e88c8d803321b8350c3bf6e83c9819f1f5a3d4c783e8d3c,68f56acd6a8092cc695af0cd91a397173647087c4561e6734c248c61d5fb7cfc,110mkry,
Automod,Features of Reddit,1a531dbd56858f9c3320245ee846f3e66352574e9747d9b7275874105cc7c3b3,c1c779e8a767cdb66bdb5fe55735e85ecf2fd271cd4d9613b88bd18db4b62b7f,110mkso,
Avatar,Features of Reddit,f878b2d33e2789803bd37fcf7978e275eaf4f873b1e15b32416ab563b93b2726,3df79ad546efe36d3bdab2d04e93e38425837586982131c44bb0adfbdb6fc833,110mktc,
Awards,Features of Reddit,1c1a86272e6a05f707349f757c95dbae54a105594451531de8f5c9f53572779f,091dd3ede093421316c91530f1ec29952e74d8f12d3fbad95bf6815223e8f076,110mktr,
Award Abuse,Culture and Etiquette,6f79c8d50db62f316265d4b4027fff653ef7d9a5fd2f840e10b9c13faa7b753c,0e2052320acac72f4aacbf036cc42c4812702cdbc525935440e5d7f6e73e86ac,110mkud,
award-cost-bot,Interesting and Miscellaneous,99b89d97c01f40d9eeee9293c7008c38ace9d62220ebcb3b79220a017e227017,af38de22918627fbc4c408631c598b7d506b95c70e8a559fb5b9315e3297175c,110mkv1,
Award Farming,Culture and Etiquette,2e4e24837a83d6ece91af9e370bbdb1f76c07a765509f5a7498af594149366a5,e362cfe2504a40ceb29f80f22c2c5559badcd41769eb8ed73fa4a00ac935e15e,110mkvc,
Award Karma / Awardee Karma,Features of Reddit,dd06ef1db9811248775b1657037aa5bd71c976c82e1c52507148da8a34d89dd2,e6a5cbd94dcf51399e5bb6547ad0ec9d819c5e057fdbdabf6131412325190fd6,110mkvr,
Award Notifications,Features of Reddit,8ad6131fa9454ef620c8c098ce0cd40112510411f190499b2e67b168648fd809,fa3afd976b6ca437ac838da53768fa2b9afb5cb12982bb0cb9d12a8198713d7c,110mkwe,
AwardSpeechEdits,Culture and Etiquette,e1d83c76955fa720b9a6e887cdedc89cef5b6fed30a165f76fabed1b5d366ff9,b7cd74f0740d980a555808455c7f4d7bb6ff19576c4055a3eaddccab8fb7a904,110mkwy,
Award Types,Features of Reddit,4f62d64d63ae6b61e54f66dbe634d377590544ab526aec36f0727a9dedb1911c,9f5bda22d386eadaa8de724577ba22ed856c7f485dbb8b0fad36d6458501a200,110mkxp,
u/,Essentials for Newbies,904151a5a072cbbf3e7974a29626e9a93c6a56966ef2309f5fff1a0b6725561d,700d5b228840217c8bbdbc7c8d79fdb573e84a59ba388a362a3baf5102760a02,110ngl7,
Unexpected……,Lore and History,5f533b2c17fbcfa4413cf07a92f28163519340adae2982c8dd979fa953c7e46a,3251712481ec42ed948b69c4310ca353592f57a636e5285cfe009eeef732f2fd,110ngmx,
Unsee Juice,Jargon and Slang,00583d4c4489ea48e5de16426d16146fbb1e37c9500b6aa11e119716180eb254,2d7bb53dd79e9ce9fd12bd12f2cf51703d8227bc4713878eecbf2ad40be50848,110ngoq,
untrustworthypoptarts,Interesting and Miscellaneous,88db4e91eac1f99fb5df03e42707742a6072f856be15077fc0c9c4fd0e15fc13,7a766528d0e4563bac96e0d55d34114292b9c59651cf85e04972ccc0a55ca136,110ngqq,
Unwritten Rules of Reddit,Interesting and Miscellaneous,a4a175c5afff0dc61c038f4264b52fd12fef8d1116d72c25aee0c3c338a05d7e,235cb5c712730203d33a899cd4810385aa5c87ad93679ad4a5eb91d27d207a00,110ngst,
The “Unwritten Rule of Gilding”,Interesting and Miscellaneous,b4db857fc96ebdac4b7b2a0b189d863ccc48bab79813a26facf473fc7d9c9182,84a2179a2da2a3158d62d73f7cb82fa866b780d00c05c8472cc43831f98f9f9a,110ngum,
Upvote,Essentials for Newbies,551403f08c0df1c2ba865b750a7704ed98ce9a439dfabd27b0df2e3eb1c39028,1989755dff972a8fe3d4a68dc865c707f76c817a8039c7e7ccfb20a7ff4df840,110ngwy,
User Flair,Essentials for Newbies,ee42126247b3646aec824f28aaf0c381222667c0037009a99d0d9f59f2ed8061,ffaf5be0472fd8b6849bd83d6dad7b290eacf9e2de78a631ab12fe43ac2b8e17,110ngyh,
User-History Based Moderation,Interesting and Miscellaneous,1925cc8a8bb1a28848ace9791a4614b8c4c258795d7a0304daba8f69817e4045,37f9414e591283c016d1202f391d47cd0fb33fd49db84f11007c13644f242580,110nh0k,
Username,Essentials for Newbies,d45c6d5a2160dac89163bec8d16c5e2b86c902db60cb514bc642c02f4eef3b44,960f0c6fbc8f0127a398bccd028a4e0f51bd181dbc648758f97170b11e9dc529,110nh28,
UsernameChecksOut,Jargon and Slang,72c5862c716960bcf30724d3c03486d79f5b708277a62c08873a9c6ec22e7ed4,03c8f44d44108ac1b47fec5abe40041d831f5f73d6f18f5e46fa861ab7d7763b,110nh3o,
UWU,Interesting and Miscellaneous,668954e6564578f9a072ef0a067cccef5eaed98e73f4d5f5c891e70d831ec617,916cbbd3ef7c077656eeac6f344203207b329dc4848745e797ee79c04a547390,110nh64,
Visibility,Essentials for Newbies,aab2e25273e8e7d052fe6bbe85769ff903612024441bdc45d430bdfaaf260b74,5d12c24428afb8c3595ce9a4c1423b663cef6c483bb73e4e3addf96fdb9765db,110nh85,
Void,Interesting and Miscellaneous,7643a597da23aa80fc8bf6edd6dd589b04cb29473b63fecf4bddf439e59dc506,44729be224f9ad14a37e51f6b73feed9e6541918ee7c0de3a4db434b06a8939b,110nha2,
Vote Arrows hidden or greyed-out on Posts,Essentials for Newbies,7fa7d5e4fc33ebfae1148cfb80768c186468d6214fc7cd8a6a3a7cf1e5645496,bd639ea411d950490b4b340e0e7794bbaa6c9deb648c1cedac2cac8145a150d5,110nhc4,
Vote Fuzzing,General Guides,874e61a4ec538ef4208b86793f3999b0cd2b0e937f8e06f7a515cacb74d62dfa,dbcf163caeb809fdc59801739aedc587c1347da9aafdc6f8107ddf1c4e122c6e,110nhea,
Vote Manipulation,Features of Reddit,dcb7cd40f7b9b85e6a5047cc439053eb9244194ba05fb00b42365226b350059d,0277f5d12f50d27d424727cb2a7b2e6ddc8ac856c6f39c458e682f82e1fd0896,110nhg7,
Vowels,Interesting and Miscellaneous,d9c26013329c831f63af3367b4b11b21de8476438ff64bb209d0e06e8b50a003,1b375561cea93c886b268f455996c6b14979fd029ebfee8c57a410db8ae22f52,110nhi0,
"“We did it, Reddit!”",Lore and History,ebc645bf5a5a67d29b6c028c87694f8347ea214ce0df6fd494a8233fa758e9ba,ec10928988d5b34c9c20d2eedcb039d5ed3e9e888bed1451671c0794b1c7f137,110nhjw,
“When is the best time to Post for maximum attention?”,Essentials for Newbies,dcb8f166eb27d89d452b4958aaab8b728c43bdf5b9a9f60b2694ee4bd7559efb,a9de88c98fa3ff71d0164b8eb6bfc368331358fb8c2115439fc7a744e83d0304,110nhm0,
Wholesome,Jargon and Slang,0068ec0ca13c3e2738083a073722752a6d169f18570c0a1093482fe7b8b1a4f8,cefe4fdb744f25abaabcec3b33a36b43768562e3e5dcd17dbc274ab719b1e050,110nho3,
WIBTA,Acronyms and Initials,8b571c0d924dd11aba02fbf4257012fcb354cdbea6ffff7720901535de0be129,cb5b3fa454f1966a43d3ff805b51bec241b1e06dbc93f2f0d6958ecc7b068857,110nhpx,
Wiki,Essentials for Newbies,b5dad43cbe2e8a1fe2db9d0f3edc803cd918af37bf5af28f57c4476e0202ddf0,6ba2d97826b4f27d56adaea9826af92b6501a72656407356f39ae9234c1a715d,110nhrv,
wildbeef,Interesting and Miscellaneous,0ff2edc00922b761614e76eccef54e89f69201946a8cf2f708689b565bfc7923,790c98533eeddd318fb0be6815c7337c20cc56280988e4e82d33d3c443a734b4,110nhtv,
Wishful Multiupvote,Interesting and Miscellaneous,b150d67629b4dc65385fd11272937dfc43e3b656e5f8ac3443a452c2939a57f2,71b465912f2801f6c32e6b0e9d09b4237a797e0eab3992c9d268491f3b9e570b,110nhvk,
Witty Comebacks,Interesting and Miscellaneous,316ab88b3f71c36da1bf11017d546011439078d8edcf25e6735d92c63f2a6641,8860f4f151a08fdd21996a1a05c6c01002204f8064690113cadc14a3609b0915,110nhy0,
woooosh,Interesting and Miscellaneous,90fbbf99595ac3176426ada1c19f7145669eab8cbc69ba59a24049b43cf8975d,97c94ae551f5bba2492a4581aa9eed05119eed58bd84f0eb16e9a03ad4d75481,110nhzk,
WSB,Acronyms and Initials,ea4a56d6d41b1ebbe44434d6761346594da10b6aab06c69308077226645cd150,ec51f51301a3dc346282a9a33f7c4fd54b1f536591068edbbc67b3c1c1b9ebdc,110ni1g,
X-Post,Essentials for Newbies,d089ae264b97f875961a24dad6248c3511a122550cf366c164c22cf84b67c03e,d60fe3db54b5bd9108c0830b3ae52330e24f7209baf8211c1b41a3f0225490d4,110ni3f,
YMMV,Acronyms and Initials,86052b84d4b153722a58515d5e2b1e8e176d6ddac4dcdec9cb6b2f9114f107a7,fe5d44ae12afb7a95fea3901e00ce4de1f02ea7a08fd44de06eb8ab4d1f01fcc,110ni54,
YOLO,Acronyms and Initials,2521cee280cd970b24272c77fd9922d52ac933e77df40200cbdf124c5c1d6067,8d60d05056caef1cf54daff5cfc2cb54d75c5ce7f9416cebf1345c95d884d12a,110ni7a,
“You are doing that too much”,Essentials for Newbies,3d26ecbb185e57f110661100eeeae8808ea7657f05642eebe6e1b34e7150e2bf,103d3cb7d310ec7b4e541b3762a152b939609778aac8efeb794c3dd52c48e8ee,110ni9g,
"""You are technically correct, the best type of correct""",Interesting and Miscellaneous,57ab0daa5de57aabd1d30f5e9a1f87381dcc92debec33e3fcd3817b6e211a57b,3a8bc83e2a62dea433f5ce4d9a61e504d3f2fc39364e4bdce20ebc7f53647cf2,110nib8,
YSK,Acronyms and Initials,d0e3c4bc4eb33f6bc1e752c7840578871a85c960a04638b366bcec28b7c2e9d9,f9a9075bbe7a015a09fda970f426d64c50128cb9ee9289c7f54e6152dcf9a908,110nict,
YTA,Acronyms and Initials,feeb692fff41514939fbdb0a0654480fe194fa0a0b8d8820b357603b0cc3f4f1,85c7289999c4ec411562f70d496bd0bf37359eaa49f9b548435c871bf8bc7fe2,110nif1,
YWBTA,Acronyms and Initials,eba59359bd1ae5184c5b38d9d61632fca7b46c4b0b4834bb5fae2e43e4e44299,c1b0998665c1c50e9dc865d9cf18fcf01ba0694f39eb0533ec7f48a0b1eb27e8,110nih1,
Z,Interesting and Miscellaneous,e045af04fb8b570a5331dab71ba0d27ddc24ae5d110563182399b85f713a3320,d9c34280fb8f35ba2600d3a9bc33ceaf22b219429422217e0498de565fbaf86b,110niio,
This Entry will get removed,,867a04dac4c526a9ba53fdf752ccf9941046019230a2d0fc80c3a1c363f775bd,435d8222021c8fcc677dd820ae7526bbdbbc5d4a6e9dae65a44792c6761adcfa,110rpzn,
Baader-Meinhof Phenomenon,Interesting and Miscellaneous,2166d5f12398566f535fd553f8639103c89efc2f0b5ad7a9a9d3dc3408fe76ed,393be4c9f7ed481a7c40c481ae2fce1275771f6ce3fa1012b6dca1799d73f76a,110mldv,
“Bait-and-Switch” or “The ole Reddit Bait-and-Switch”,Tropes and Oneupmanship,3aa0210f16824372e324c1d8bd9ce4fe7ad278273bc91e8f493015bace835f31,77dedac0f465c5456d22c1c6227f3f00f015f2412715c7425a93ebe3e2096969,110mles,
Bamboozled,Jargon and Slang,613c96da8edbc630ffae26987b3a427913ad2a930902cc03d44f758414eb3e6e,ab492e4ff67947a901053f53263dcf5b78af4c66a26c18bb7ba2384028a00d7d,110mlfm,
Ban,Essentials for Newbies,ad3c6297b5fddd1f611e7eae5002502b21f533d594c492b6ba302d7d4d8f0f8d,c670b7c7142fd8f40345986e6730b160fdbc8959729eaf3dd19c2c6ff517c94a,110mlg3,
BananasForScale,Memes and Trends,cbeebb6055cadc92e435048d809588c58d35bdf55549d2a3522c6de23ea7f4b0,304c98e052aff495a62d1e883540a41e6c1bdb4ed8c03894d58cf438028e3203,110mlgx,
Bandwagon Effect,Interesting and Miscellaneous,3e8fbdafb4cd39dcde61e463e7212931132574227d79f67071a956f624270859,54ab2f66e6ee6e21482274f6beef7581ab3fcf107704de6648406639f05b25e7,110mlhk,
Ban Evasion,Essentials for Newbies,664512de3275d98d9b8383126738fe9fa3cae6cb2f1b86867fb2f3f2e7fa3701,3ab6b3e525f496b4101cad943727b5c5891a5bac61443f38d210626bcae4dbea,110mli3,
Banned,Essentials for Newbies,9270a769d4e48c74d158b6774214748474b685cfe193ab12376163ab22fe3fe7,2aa221c0dc3bc32d6fc3dc4a9d9e4dbaea1bbd3461550dd16d3e63e7ae315806,110mlja,
“Because you visited…”,Features of Reddit,a168098c07a0a113d5c296685b514b7b93e293c89bab3d2b2c2900df0ab189f1,94963091a4f5c4dca2f8171eae936a775529683eee6256a33d69cb19a094d516,110mlk5,
beetlejuicing,Jargon and Slang,2a4de31d4f676a855116862ee176127b2343480a708ef66bd98b22954d7b1ae0,15643e4a0468f248aac55e5ffffd5d88911a373bd8f3b5a1d07df1a14197d233,110mlku,
Birb,Jargon and Slang,69f7cb5df6980721d6a0bb4fa17ed62aa316cbeb2d520226fd1211e01caf6af2,9bc62255c7adfa32df607163684db9644fb13a0a2e2d08ea86bfcf63fc7fff42,110mllh,
birthofasub,Lore and History,38a19a24d4bc9feb6e441d3c53e1096b50d32d84e1daf56237f5ec63cac956be,3ac893de6dddd50c7be71fa028b02277d95f239af36bc21e75e2bb4d23bc06b5,110mlm4,
“Blackjack and hookers”,Interesting and Miscellaneous,182d9930c81b5ca2721ba75b84ecf41607c094c4c64ca627fa44f2926320840b,040a327ed04006a1e8f8ec881aca3d6746528fe841a7e4ba5a3f1a9ca510e694,110mlmp,
Blessed,Interesting and Miscellaneous,4bf56c658a820856efe0e2615d2bb2ae82e27ac107c951d8ab7ca5b059d81fbc,148053c35a7341aa9d9a437809d1665333d57ac99886bc3d5cfbb3a9abeba8dd,110mlnr,
Blocking,Essentials for Newbies,6f6b19daddb57f1fd4d1e1c1978db22f1319bc18245abb12a343bc8256843ca6,47c89d3f9f993b1563dc7fe260d92afe39ad62d9b823e3c474bcc1e222c1dc2a,110mloe,
Blurred Images,General Guides,021eb5f4954ae1b20957c8af07fd1f5d3e39f041344d717fa020eee334d1b764,70948c59a1afa5f11eb6951fed529ce15a0ab36db0d0fcb705634e0fbf495d1b,110mlp9,
”Blursed”,Jargon and Slang,52d12718632978596ca26ba65248c302e63937f83a84307fbbf5b8e0cfc0ea72,54e860d969e22074054d3470e2d88700caae082ea6a921958a773f5d6bfc8d2c,110mlpv,
Boneappletea,Jargon and Slang,f34f5a1ed5a44c6f8b4e23873b190747f664589ef53b2188c4d78cf78a1fdb4a,5eacf1b655bacb61484bd230e0482285294a230d75913adfd354b5b06912ad54,110mlqf,
BoneAppleTypo,Jargon and Slang,2acbcf6bfd14eb77ce966ce5b4aafe3165649cd0772b1d7b5cc863699d6eb78f,1d2d573e88869ffabeace22d9b2fc26fa2aebbbc43b416cde7e05532efcf90ef,110mlr0,
bonehealingjuice,Interesting and Miscellaneous,59fa56fab5cbc85b41c012116ad95a0f1cc34489a24069f0641e963cb54345c4,cd0b87445c9867901e168eb0b2981a2150f1854c1b221e1757ae6525d7665a4a,110mlrt,
bonehurtingjuice,Interesting and Miscellaneous,4168119783562edc631aaedccbb9606663cc76ac3eeaf590916bd5e981f1bd38,9db6d387d2d8c8aa96a9cf40c3ccd4945e4821071127852442bd755be80d367c,110mlsf,
Bookmark,Essentials for Newbies,1bc6bd2dd10410a5dda3b7f981d0fc5e0dab4fedfe0a2b4a575031c0c1f46dfd,e60ced3a5fa02c945119e8b175fa77664e0a88cad4f6d3dbf19b72342690cec0,110mlt7,
Boop,Interesting and Miscellaneous,e3b4cdbcb1679b3c565f4e407b8cd4a8b6474c7fb08075d83869b1f8a8dc7bcd,33497780bc351f6b62fa866d97cf8360f380a452b8bfa5b959b31694d6d3a17a,110mltn,
Bots,Features of Reddit,005970332848e461c19416d362a3ab766cf4d77bf21ab6b65590bdce4b96a05a,d7f02a342cf16f3c64030658eaf1e7d31cf5d17711502b084f1fe9d14818b7d0,110mlug,
Brandolini's Law,Interesting and Miscellaneous,f630e70000b465095579bfc22c1c45d1e34e13bf1b48ce0485f88405c7bfc70f,a458c190b294e8fe7c4cecac599baa0a8aac522143fb139ffeaccaae6ac5c20c,110mlv1,
Brigading,Interesting and Miscellaneous,3d4cfed1f2b5d7d1553b9700c36b84c301dfd8749ed20bc074395f5879531e37,726d53b99532a7dd288c2412261b523f0dca0c96715ebaa78127909bae12323e,110mlvw,
Cakeday,Essentials for Newbies,ddcc375a53fd9b67af72ab6d4896ffc77abf9b08d6393d3bac9c5d5d937a1192,b106455b87b223eb3e279aeed32135f8f709113af3e072272182d2eb40b13c21,110mlwj,
“Came here to say this.”,Jargon and Slang,7ab17b1e1c377703078cc7c3c145fd9923ffae8ca4826afcf8e72e43ddd5a091,51768d5e3de2a17c0fbd47788888d316a99003d7797e59cd1d0430883857453c,110mlxd,
Cat. or cat.,Interesting and Miscellaneous,a28d63bfdec66f142d4eea826b2b030d81e271bd9c48a29c3a32eb138e400f01,4a1676dc3916b65c0975c3b60469caa37d77e981ff416cb6f770545de47fc40b,110mlxu,
Cat tax,Interesting and Miscellaneous,dfe0aa6b3a71c5d371faf626891aaa670c3f532b6efc457a65757ebadb9b124b,dd3d9f4bd4d8abd653555a6e07fafad28d540d8ebd43298c97da60ee133cbec0,110mlye,
Cats,Interesting and Miscellaneous,098bca496399af38b533256af855f1a7f3c640000b1fd483f874001ef42a7956,b6851bbbc725078b45d6b41f93790a1272c1ff0198c7296b1376b8bd645dc74c,110mlyy,
Celebrity Redditors,Interesting and Miscellaneous,f37a4ffa8516530ab0217a194fa52d5780aa74e6a5c90a3abfba25d7bcc680d9,1cea829ef47f3e98bb9b5f27bb07f753875be61e8395a1868c13a447dfc9ce58,110mlzq,
Chat,Essentials for Newbies,fba348d0a90156545fc17ebf10c4dfea275db8fe8a628ca181593f38f089e2d5,b2b64822e39b63082781b7ea2dfbe92082d3fe5123c77624b6c8d9a1915ee372,110mm0j,
Chat Posts,Essentials for Newbies,8ee7fc45d0d6e43c376958c4df890cbc116ff94a4e986c5344b91ceb4c555040,292da59d8184f01c8875eb82523754d302efc793f2243ce58bb39ee8ff33bdee,110mm0y,
Chevrons,General Guides,b6e01a064be2b9abb72d618f2e03ada6f87ece50a099b7df533f0f843a76df66,f8af5a31f1747a372f14402e3d1721810901a9785bd50102f6978dccc332dd8c,110mm25,
chrissimpsonsartist,Interesting and Miscellaneous,634670dfd325a7e7ec8f737ef1f5effabb74fb98be5f308e2d3f5c886789db19,edfb7d0f0b7d2cacb06faf9680f7dfddd319f1261b1e2222b5f9aee41b2e4fbd,110mm4c,
Chonker,Interesting and Miscellaneous,6d768251f754d283c2278ab1df5ad670f542eab77d90d41051d8431ea1c6e89f,bde41550a802f5f63a119ec3665dd47b8f593061683b6934f74a7953629a7a58,110mm5x,
Christmas on Reddit,Interesting and Miscellaneous,1f37611ebbc158fe07731174760d0b0b89b081483ad835a8ae0741e7ebcb0cd2,bf850283ccb45a22d1fe2d8ad296c41949ca1e4ea153404d2d75ccf4ec6d516e,110mm8c,
Circlejerk,Jargon and Slang,058dc1df2b6a154da859fa38d21adc684557b9e5db012765fcd2bf34cf6ca5f8,5b85638560c757b8816b0eb41ce2f3b3484be3c5d67eca222a98f45dfa57ef76,110mmcg,
CMV,Jargon and Slang,2dc982f23a9a68dba97f8bd3baadae0e1d06f2af921ce0d7ff809156f1cd840f,b2257b280259eb463c1154f83a5d2236ede4a7249a61b7bb4162ac22d326096f,110mmff,
Cognitive Biases and Logical Fallacies,Interesting and Miscellaneous,4853ea19cc188db340efbfaa8dab5fa21621f55aae49ee3539a16b519830aff4,284b0e386548e065670cc2716d83a1a1f1e233dc92e908b8d91dc402dbeae436,110mmig,
Coins; Reddit Coins,Features of Reddit,b44ff1303afc38e06bbcc1984fff45e446990f5d4c287e039efa44af18d895d1,ffbf5ab817e58d73ceb39cc64538796e4ceda7e21d7290faaf80bede64096e68,110mml0,
Collapse Comments,General Guides,54ce90f941aa37e2abe6837e3b2eb9bbe96e12b61c2d1ea0759e0906cbce88a6,fad9aa0457c08b4625a7530b1116216ead6284ea09f9f86dc5b737f2ae6dd75a,110mmmz,
Collectible Avatars,Features of Reddit,dfd8da0ab618fb4d61d4ca4e15054e69529a0ddec48b3496b0b7c57697f194eb,ec8ab5d2441450f023f21c38495984582a51fbd859faf457e1d09a5fb27d192c,110mmpa,
Comment Chain,Interesting and Miscellaneous,4cdf160ea702934f530293040d91ff864ea5d61a2e6490f6f08f80ef60d5b115,0c35ff8ee2afd13b3ab29c6ddb5ce425871b40b5cbd5f94fd2f4f5e97c3045c6,110mmri,
Comment Karma,Essentials for Newbies,e1be0d3fc57fdb604b0c33b21fde6e9c3423ec3d37d051f6d9027e9599b690f1,5633a023b326beab7ecf642ae1e39f5d3eb920aa9d5d49c58d6a56b775ad9dfe,110mmt7,
Comments,Essentials for Newbies,a0a8ed65c331c688894b6a182f5e80cc661c762e4339e17d18513499fbfd3aa0,41cc33177f1722472d3cd02d47edbe53c57a3fafc8b90659f73e456d003de216,110mmvs,
Communities,Essentials for Newbies,4f5791ca11064ecd503dea949278904e2167b22f584869782bd7504ee860ded2,d449151dfcb5875edd0abd39731d66f81c2346e32a4c09dcb41acc90d4f9a1a9,110mmy1,
Community Points,Features of Reddit,caeb961526a649e69955a9f97a2f8e338bbf008ac1bac50bb2c187baabfb8228,02c2ed854e177929d267f1feb90697b2612668b1aa8bcfb99bc00272185fbb86,110mmzz,
Confirmation Bias,Interesting and Miscellaneous,3b684e28649e0b9f77e0c2841fa468d13cf83cc1046ae4b008848ee895da8518,cf819c780e90a739964a767ac593fcc0872a964e301207a3e812b546a967b84b,110mn1w,
Content and Copyright,General Guides,b56fb554b86f54dd8b4a666b31ca87459c80a4f46624e149a6b64c4cfb64eaf4,51fb5b46c9e03c6239bfefb7f43275a2ba2be1708aedcd5b8f7ec96164d3a057,110mn3x,
Copypasta,General Guides,24be304383c8abd7eb8d921afa1c3f25bae26a2938bbcdf6288c916edf579d83,8b015cc57588a4c2d888a71d485106f3f148e539d147e9051b6de70d4c0994e8,110mn60,
Creating A Subreddit,General Guides,83316a4c837821c9668d4f15f31ad33fe341ef230d00fb7bb02ce7802c2a6cd3,b3b420b2ff8d3da7baa21ce3fa6fd8f24ebec523eccfaf657b38f4c44a22dfa7,110mn7x,
creepyasterisks,Interesting and Miscellaneous,1956a0468fba4910b24e0075f9003698e43bd9d4c2da63818bc2578281036702,a814b906227c07a3f7b3b310d1711db7faa09cd5ae14c5f08bdad677d76b7718,110mna6,
Crosspost,General Guides,4edd82f060f2d54f0a2a459512ee2e3db27f4bd5c84778adb61d502f0b5cc4fb,666e4329447254ea3666468b1ba4dc504a79b1ce9b9f4636a205b57fcb99c0b9,110mncg,
Cunningham’s Law,Interesting and Miscellaneous,af6fd19c37512732220a274b3e843b7a0410c3454a1287c79a49aea0a10c1f4e,ffcaf03cd72b9d7059c7121c8c026f387dd0758eaefb72aea625825266f036f1,110mne8,
cursedcomments,Interesting and Miscellaneous,912d714da5f967cf4c0fb5b9687f7830a64f82ac3d113b75c75e273021c590c7,ed77d7c68abb207287b6716f1b82952450548cf4483cbd7600666f715ba17c5d,110mngj,
Cursed Subs,Interesting and Miscellaneous,6f65e65f89a34ef251496a81aa6fe23efae8f65feb4cde65a26e012ed84e645c,79751319ddbe1eb4e3ee51ba80b02e3fc36a200001a3a454fd40342fea0d533b,110mnin,
Custom Feed,General Guides,56c5afe8156381fbc22240cc88b783f9434770a44e19b3ead98a2381144f87c1,7a88e6a0177ef102669f967aba19883112194ed065a704ce95ad1237050b698b,110mnku,
DAE,Acronyms and Initials,685e099a913c7e2674bdc5d264c2b4c2543374444472cf042c909be4a52a8185,ce48f8879bdb9371d7a48a4119b8840de185f51380b6bcb9a405601dac228f68,110mnmz,
Dealing with Trolls,General Guides,4b549cb07b8cce98249f9005ac142232f162cbb516f4f97079fbf6a4e7f924e6,a7206ec4df5f6f332f071322f9e8ff753dfba2fe8184afaa9b37943ca1cdf573,110mnoo,
Deleted or Removed,Essentials for Newbies,173d86c292d7d60a0a1e5503b6f8f74e98b9999011a66096215ec3d01847f32f,86ff9da086b01699e6eed06e59324c435fbfd5f8e77f44859f30ecb6f9b8dfb2,110mnqu,
Demographics,Interesting and Miscellaneous,da188487e8b79aa3160c840828a2b909c0a9080660e5091d46b548b624f73574,f6d606907cafafcde79f3a0da30b2f4388c8f6467877595a5f0ddfab2c13560e,110mnt1,
Diamond Hands,Interesting and Miscellaneous,6e48db07228fa74208813271667556c78efc0880f76a65a21eee906225e69ec4,2fca18af70b3504784e1b8ca6b35c6ab545ff5306de59c9cda8ae6983f295a10,110mnvz,
Direct Chat,Essentials for Newbies,c634a4fcc677ed8987f005c5a16e3049202603cd39d6205b91af088e424fe374,2656e18cacacbcb52f6a788421fc443dd8f9edd419eb49dbc39df95327fbc0a2,110mnyf,
Direct Message,Essentials for Newbies,462d4cb84045401832ce13ca98120b9631b781cb4b8f5e6ea0b0d4ac53e3741c,4460b0457d205558d44e1424afe789f2106ac8b1a03e9fb4b5bfc24ee47b080b,110mo10,
Discord,Interesting and Miscellaneous,d446fbe52258f1860b046bec89a63b77eb0de92aa8977cae31a79c932f363dd1,a890cd14e782a2db5511ff223b07906cf1015e40d2042f29a6f133fc353aa267,110mo36,
"“Does subreddit contain profanity?""",Interesting and Miscellaneous,bb7186261ed7bff7f2e6b0186e6352fb8170e70226d5b6e1f43f0fd2d24f262b,036bf657ae66c523e7e24eeb428a6d554d8f946f967a329c276cd94c692ba054,110mo50,
“Doggo Speak”,Jargon and Slang,a303b14d5af0a1c74b25421b93f3fec6f48591433bedce85a90e897395974d5d,4b95ebbd6d05aab5f9dc9e97b3cdac8a5a54dc46066de879192b733ab68e7155,110mo7k,
DM,Essentials for Newbies,97f4b31f6c172dc715ab0bb185f7c30961aad0889bc267d4fccff5208630789d,f08ad71e567e9b238e128e9a12e7e42a12b6a290f6e5bfcd4e8bde131b9baadc,110mo9s,
dontdeadopeninside,Interesting and Miscellaneous,c84579717d85b0e2d2217c49060fea6655891e6de3f8fe7481ffb520a6274c13,c313f3fad8532f13542d9cec27660278f3af2f785f8552f4088c7a88c40aee97,110moc6,
”Doot”,Jargon and Slang,6f5f61783bbe6c95f8624bc538617405968a716c2e1845533c79f641b5d11c3e,095939051dce6a40ce5915e0e5211a7528187664e9bb98b8b862e4513d0ec3e5,110moeh,
Downvote,Essentials for Newbies,9bd5e9cbd5ff2c3417c1707026b94408a90d293e9208cc98f0a138b10dc2fa2d,95e4e9031de3f92d487dfe42290cc500e5290e7a1f571bde99b942550dcb784f,110mogx,
DownvotedToOblivion,Interesting and Miscellaneous,0aa4e8560a1ea96e104c51197089ee561012785d50f6fb330c99665fd597f149,c27b39abae16fcc09c78bc490a3a93b17d7debe311ae08d951379a6fd07c8d72,110moin,
Doxxing,General Guides,0e7135b2e700416bee13220d73ab86cce1f58aeaf774ebb58af934f90b7d77c0,64dd41edf8cb21b015a1a865e2711686a47a2b40604471e189e6bbc3d94b1137,110mokt,
Duck Test,Interesting and Miscellaneous,7ecac90ecfa8d377b90b1427c7cc16e22c95b233db5816f69eb27c54aeec6abc,c6007c8a6b9ef01c04fd6eeb3feb217133fda3bdd45351bafbbb5753462251d8,110mon5,
Dunning-Kruger Effect,Interesting and Miscellaneous,c2e3fbef830d9c48314ab06d242d3004c6f8225678992b8c74d54dbd60071562,064b4c5aa5d13ccc6defb20d126c7a4bea40fede33f8fe230e242699d612a86f,110mop7,
E (letter),Interesting and Miscellaneous,7f4badbc357abcf9d81739e0052c4f67af3ecd4154d4bd01a747f86ee1472982,6a8441b5c553fef08998f6efe92e16381d3e05f015f876139ce957304b8ed3b1,110morp,
ELI5,Acronyms and Initials,2515b8c6a6d9fa1809b08f3ee64c6df758f9b6f173b7d0b8d1d7168ca886be17,eb0c02f0a1231e895b22d53c3f7f6abd0b8fb57f283ca70e2e820e0991fabd7e,110motc,
Email,Essentials for Newbies,7cd6071fad87ee4814745366e2a2a3e652a322a563acb682d27f06b387d163fc,913c50eee29b4beec975b4d0febd8708880746698761f58e4185c4c5fadf591f,110movp,
Emojis,Interesting and Miscellaneous,f865ce266e5d6d058c4db441fa68261363174a0734d151291d738406ac539423,ef5215fd063c84e7417b4eecd64eb069a90b37420067edc147d2d17c723c9c74,110moy7,
Emoticons,Interesting and Miscellaneous,57b0209593a610fe17d3760b887f232ea2dda56bb0b39d995a1838c737d7d9d2,d27f464af62370b0df70e3c886e7b1e979ee311e77a881012bb1ffd86b4c2fd3,110mp0d,
Eponymous Laws,Interesting and Miscellaneous,2b89a59a0cd2148d3bf5aadf71cec93cc7fdf92ba9554f25af2e0fcf4283d922,b92d37c49c866e3078af2d4ce73d9ff35a470c112ffd1dfb2e9ec451ef249b2b,110mp2q,
ESH,Acronyms and Initials,b848bb18433dfccdb4b3ad2ab3c041b6a5bc840139d4d04f562014b3eb5d975d,aec3751b5da88ee1ad3e670f55ed7796f1c40263a0a4f54b9f00d2c74554b0c6,110mp59,
ESL,Acronyms and Initials,97831290bdf11ffe5caa9bd59d592142ccfd683299092465f06ee750a1f1d491,4574dc71954fdcc634f1d6c9a6fc3ee58ec9ceadbd2855c87e2937086ce2c282,110mp7h,
ETA; Edit:,Acronyms and Initials,daf6d9219771a8c187da31a017696ce611eecf82c483481eced35ed5b396454a,e68ba2b830e67a8e61398ebb4e04379899415acc8533291b314cfc84909b461e,110mp9g,
Euphemism,Interesting and Miscellaneous,482b7049e221175d564fadb1c9bee5922d746c5c6f4044381ce1b7d0a3fc38f9,2ff0f9ffcd0c95c21fe738ad19a59f2432d86a687e0f11b508eb8a8fc4fd43a1,110mpb9,
European Subreddits,Interesting and Miscellaneous,eab7e318100f9dddf5e303ccddcf0f0e99587ed6fd53b0084c4ab151dac892df,5f4bb78c62bed9afc147b02f1f100776daea3ed53e93dd6be34bd545ae0ed1b4,110mpd5,
everyfuckingthread,Interesting and Miscellaneous,f0ce397b2809491258cc9ae4a8858445a8b047d15784e42ed8f5ffb935040eb8,c5f2c8b13229fd7acaebd879b4b835344e83b5916bd51bb6f41e4a88fd395d51,110mpf7,
“Everyone on Reddit is a...”,Memes and Trends,d803265dc634a412d2646c97036d87a2b171aae9d117535743d985997342f1bd,3ca34054a9442e13591696dd2be786b65a221ad026294148f22e19b9ff0b9399,110mphi,
“Everyone on Reddit is a bot except you.”,Interesting and Miscellaneous,b21bacc80787743e4161482ca42987679dec15bfba5604ff924026aa6e8853b7,c5be166a6182bba67c57097b9ff89c2d742b1d9487b9e048f3366729867f7337,110mpjj,
EXIF Data,Essentials for Newbies,82d2bd332fd7fde8067407f6c7131b0f0a8b75e450ba1b89ca4eb85b367b22a8,179589b028480a4aa3fa0efa1b647eaf64d005283d7edb8ced40397b7cd4688c,110mplb,
eyebleach,Interesting and Miscellaneous,73dc1c8028365bdf499437cc82a9e7f6099750843d46c0a8b27201751fba79f4,7cd813418569f9a224a73367babc405f721951a27e89f214d0dbb9e4b90e5ba0,110mpn1,
About the Encylopaedia,Essentials for Newbies,e11de35e1e7d08435578b6c6dd23b4b653ba435120d5befd3e928746662d6ab9,036a47d17fd2a896d34eb459a2f5d1b927988b3815cc6d86e16640e95d25a9b1,110mk13,
r/,Acronyms and Initials,4d85758987ef4bc7a2947418bce2fc44be739cf55e34533aa6982ba9ccea2c98,0a14b248ecc4234842ba2f6e39565bdcaef59994b4f109c10750d425c2ade2a0,110n6z0,
"Rage Face, Rage Comic",Interesting and Miscellaneous,2e869f84e41fe1b9fc70c69dab488d8de50cad497ced9d9be52adafe79492ee7,d82f58bf3f20da6ba51fb5d491ff96ba17fcec6bdb4eabf8a5c8f4b7bd201ea5,110n712,
“Reactions”,Interesting and Miscellaneous,804eb2355a4a40f05b8be86dd13be45c36e9b4501372f446c7388c2633c2c6e0,898a4b1a089aec720fc2a45e64994c035cd817cfdb1c67acadcc5355594c9e88,110n72o,
Recovering a Lost / Forgotten Username,General Guides,d2e616692ee528cbfa1794124556ae2668caa93318af69a89a055f9bb9874de3,d283c3df10346a25baee9ed18f9a227bb17fc3db36189b297384cc598f16f2f0,110n753,
Reddit,Interesting and Miscellaneous,00289396d3369a35eb3748e748c24e9a1c3cb13b6170ec37b5f01a27206fc443,dcd99cfbc278d7439ce48637c8d11ffb2d1069f71fea7c0b4ad66a948efc1e64,110n775,
Reddit Coins,Features of Reddit,8e9d21ff26c8140edf8d4b41188b074985f0b90caa1f76b72909441c6c59c5ec,7df92c6d2ef0ec05bf0073be052bce4bde7033ba425ce3ca8973ebcf8bc6fe51,110n78i,
The Reddit Hug of Death,Interesting and Miscellaneous,621d9e6c542b79766f1ef8ce986c0542c73c672c8d941799e8a243f9bcd77038,454bad1ea5554c9f7d7ea2b34c9e5e15e9b2b3f0c2a4905451009a6b62497b1f,110n7ah,
“Reddit is strange like that.”,Interesting and Miscellaneous,68654c1368b9dc31ac1ff3dfe6c16d4fbff689a7d5c0095d4b0eac2e99248906,2a17355dbae3e4da2d21388a474005488b71b4f5a45e263827c12490e9275a8a,110n7c4,
Reddit Lore,Lore and History,c1dc986d52d59b449b573c6c9b8cb2f53d31ba89e053217ad240c5f6f89899af,d1577d07515f7b9dd2cca1c8c03f78626bb0e395010c2fe1449ad8de179d6fdc,110n7ec,
Redditor,Jargon and Slang,8b347fc28bfdbba342f94b321cdebc5b36bf91a5247413d75666f4666f1a506f,4eec92b027d8a1bdd5879e7323977ab7571cb5e0c731e5b412b9d5d3ed5f7880,110n7gv,
“Reddit Moment”,Jargon and Slang,88330f37168f34f3f3d35f8c83994cadc9a3a83d46b90015d892822ff74c922b,4eb90e95161c6af758cbe75f1fb199b9f1a876893d8ba261a08847bbc3b91269,110n7j1,
Reddit Moons,Interesting and Miscellaneous,4ddf3a432426b8e726c3dafea4cb32738b0c0b9c3c0ace7d8bd4a0d4eeb489ae,874e4e6b766e0d9f3b8b7bf847c6aa371b8933a223b29e0ef05cb59156a54b1d,110n7l0,
Reddit Premium,Features of Reddit,e254c4f3174a9e8cbafaaa4cf05d491f67037203b50b2ae35982d84425a8c206,1dabea9a6b346d3445df5e646b7f8a5069c2f5e85e8784219d1f79036d0a2836,110n7n7,
Reddit Recap,Features of Reddit,d90c0d5a924e619d7bce08dbd3944a8ec1e3b537be702170839b6bae878aabe2,c4f022c5de545c9d7514ba3949db2f197369b3cd9c939802e3d76194caf8f460,110n7pa,
Reddit Talk,Features of Reddit,e11f1fea38752b0f19a271aced329abe7821089078faa933028e2dad38e3b29c,69af2128f80666efab06538937e02b484e482e26c69caf6f779ac58ecbf6876d,110n7rd,
Reddiquette,Jargon and Slang,f2de62ea30a2e92d4d760c0e2029fcc1bd67119959c16c65b3201d5113ea44d2,6126ee854b0f5f7d5829ffa345ddf3431276985889080a6242196207300facd9,110n7tv,
Relationship Advice on Reddit,Interesting and Miscellaneous,4355422fb2e3119cceabf9954d84a980fdc1173b1350ae1fba907d93aa9831bd,56fe14c75f8570a3e433007148637391c571232457ff01ab1138178ccdf1d2d5,110n7vo,
Relationship and Advice Subreddits,Interesting and Miscellaneous,e9040ed2a2a94198bd3f5050c365986bbcf1de83fd61a31fd143c79651f4e463,b9099738d3bbd637246badc60f811e06f3cbbaa5b0de4347dea6e9442682e824,110n7xg,
Relationship Sub Acronyms and Initialisms,Acronyms and Initials,c42f8f45b8a4f2d6a2e9b6351d4621769cd20c3aa1173c59adbaadafd5a2eb3d,da2e488d52ec8ce0c6f09ee9fea3ddb4643eb1f991bd7841696cd3e545ffd00c,110n7zr,
Removed,Jargon and Slang,55e2b124947d9a5fb8f27907e7c499f8dd3b64ea0fde15957067476d6e56e43c,618a2ba1565cf54b133d0df4ac6a0198d0eb5c5759de227d7472bf501d9c6b1d,110n81x,
Replies,Jargon and Slang,3ee28ebe778ec0630bc0872cc4b6d84be94f2cec7457200674f4c236500dfe1f,72b06f2f16d45093ee6524d7b8a47babb479d8ff82064df46e1ec91faa28449a,110n83j,
Reporting,General Guides,c3cd7477eacb33f89f7646f1276338fc304bd361475f3782a7fe806e9f1b04a9,b00b16696bd0f38da3b0e1399395d3f2c82fceedd2662a77852a54f11ab9b49d,110n85b,
Repost,General Guides,ff634ae739e19abb4a7d9875acfff5cf4cfe964f6a67549559ea3fc2a324cfe5,89908a72d2609a6ed9cbf47acae6d503edc58ca92a06d925fccee98521059685,110n87i,
RES,Interesting and Miscellaneous,94fac440878e91c565099e8cbe249307e37bcab858fb18a15d600f724a099913,142cf72607fc69cf461ac0ae2b7e61d505f5d51f5df87b30ebc39a60f7347646,110n8a6,
restofthefuckingowl,Interesting and Miscellaneous,bed1b6a11308751f5da02bd3cc4e37200e3acf9a52f0265302ff718cab604889,0a28adfd74d2fdeb3428c73e22b0cad8db4807b8eb6557e9ea6dc96ac6dd71ec,110n8ch,
Restricted Subreddits,Features of Reddit,4e44c436ec06ed5e4a70e5e8139050ef6b40c7fc14eb38c06486e16ef0ba9373,047f001b6fc1883d9bf81d4678a63983c0575f9f637280f3c57e00ac51d8efee,110n8ee,
Revenge Subreddits,Interesting and Miscellaneous,4a6d05923fe5c840212e78d648d667070684913f5f983bccb826c43a0da5cee0,efef351e3e6582f1d24dd64411aed46cf94418fda29cfea956e0a8f77deecebd,110n8g2,
Reverse Image Searching,General Guides,8324e697a10d6cc7168304d397937a58d92d5e193234f2256302c4ade6297a79,271d056c9bb74ef8ad54ad2ae30d8ce7e3dc07fece5b2a516f169930f32e22e1,110n8hp,
Rickroll,Lore and History,aff9dc0930021f0343a106372733e68e7fb9ff5bc0e7c84cedc3c1838e5afdb9,138cb3640095e34b058f600b3b8a23e8b7c7f3192f7b00be1ab78eb0030e9521,110n8je,
rimjob\_steve,Jargon and Slang,452c5cba5621d3aad52d7264a1a808c106f5e95778c5cb6920d27dee67e6de73,4de66c3d1c7d036c6f82c38ee11bda2aa43b4d5e899af9478404bfc541f960e3,110n8li,
RL,Acronyms and Initials,2b9f7e0347cf34d92adb614de1d2a25b0fa60c76eeb79cf70bb9e731f2b7fbed,a1d1787fae4258d45e4f0dc67b8604e0b01f96af60937d5cb5b5ef2e06225fd0,110n8nw,
Role-Playing on Reddit,Interesting and Miscellaneous,ba6288d0fcf1d813cf97380cdc96432c5f73a7037c26fbe65cf616dbf66dc8ce,6a9594be4ad697147ec8f836332ea7418b5400ae6d3ddba1a7b574dcbe828da6,110n8q4,
RPAN,Features of Reddit,78c1e3d6ecb2f9163be7a7f59bf6ad67a0ab6916f9bf4b11532f7ed2a433aa1e,260a63d5efd85ea31288ec7ce73d4578749e21f5e831393bf98a25e1ae61b24c,110n8rp,
“Rule of Shoe”,Interesting and Miscellaneous,f3913f216ab8b8a640cd76309d89cb5ef6e339ffe81f8558dd2f129adf85cd47,3b734fd64b1480cd044570f874960d5b67452a3516c7a0111ac8f77118258c52,110n8tl,
Rules,Features of Reddit,6f9ad0991480d478eecb4bc1c98104c4fcdb9b025840fc8afc347712fe0852b7,6a86bffa093fc137d2a501f5e482372f13cbdab16e2f267252a1b3602973e03d,110n8vb,
“Rules of the Internet”,Interesting and Miscellaneous,e5d0d6a010190b703dec57dc8a57ef6d9072d765e9ee25a63a850f66f33740d3,528b963ad295525e39cb654d06edb214c56053ce05ad57f2796594974c5a16f8,110n8xa,
"Test Post, please ignore",,9180bd42791e229cfca2bfc4df7bd7e57029bb37b749918f5934bca00154586f,,11j0e1i,e429685726518f438944ddf1484d69e9838501b2ebf3d8216fefc4b995d79990
More stuff,,54ada9779b3bfe1a4d9bead49df04b5ec0bb9f373d7639a81dde131c147105bc,,11j0e23,9e9dec25b8c38b07ea78c6bc3881689f8fd02654b8b92c2cf00827d5b0d91f66
